{
  "preprocessing": {
    "compileMs": 8707.240257002413,
    "dbCreateMs": 7829.429774001241
  },
  "analysisMs": 22692.947814002633,
  "meta": {
    "amountOfQueries": 36,
    "CVE": "CVE-2017-18353",
    "linesOfCode": {
      "files": 13,
      "blank": 164,
      "comment": 253,
      "code": 6497
    }
  }
}