{
  "preprocessing": {
    "compileMs": 9038.041790999472,
    "dbCreateMs": 18803.614210002124
  },
  "analysisMs": 33642.56001099944,
  "meta": {
    "amountOfQueries": 36,
    "CVE": "CVE-2019-15478",
    "linesOfCode": {
      "files": 176,
      "blank": 4043,
      "comment": 3573,
      "code": 29257
    }
  }
}