{
  "preprocessing": {
    "compileMs": 8387.361205004156,
    "dbCreateMs": 27051.763871997595
  },
  "analysisMs": 43037.44200000167,
  "meta": {
    "amountOfQueries": 30,
    "CVE": "CVE-2019-11358",
    "linesOfCode": {
      "files": 190,
      "blank": 12439,
      "comment": 8517,
      "code": 49566
    }
  }
}