{
  "preprocessing": {
    "compileMs": 4549.323610000312,
    "dbCreateMs": 8300.722345001996
  },
  "analysisMs": 16297.317096993327,
  "meta": {
    "amountOfQueries": 9,
    "CVE": "CVE-2019-10761",
    "linesOfCode": {
      "files": 14,
      "blank": 465,
      "comment": 314,
      "code": 3459
    }
  }
}