{
  "preprocessing": {
    "compileMs": 8143.396834999323,
    "dbCreateMs": 30521.94431900233
  },
  "analysisMs": 48164.341756001115,
  "meta": {
    "amountOfQueries": 30,
    "CVE": "CVE-2018-16487",
    "linesOfCode": {
      "files": 55,
      "blank": 18101,
      "comment": 30635,
      "code": 70550
    }
  }
}