{
  "preprocessing": {
    "compileMs": 5367.404734998941,
    "dbCreateMs": 7216.20195300132
  },
  "analysisMs": 16686.722455002367,
  "meta": {
    "amountOfQueries": 15,
    "CVE": "CVE-2017-16118",
    "linesOfCode": {
      "files": 4,
      "blank": 32,
      "comment": 34,
      "code": 146
    }
  }
}