{
  "preprocessing": {
    "compileMs": 6297.646044000052,
    "dbCreateMs": 13872.510189999826
  },
  "analysisMs": 24293.67004800029,
  "meta": {
    "amountOfQueries": 15,
    "CVE": "CVE-2017-16030",
    "linesOfCode": {
      "files": 14,
      "blank": 227,
      "comment": 376,
      "code": 7279
    }
  }
}