{
  "preprocessing": {
    "compileMs": 2663.0113620013,
    "dbCreateMs": 8167.3034490048885
  },
  "analysisMs": 13238.897900000215,
  "meta": {
    "amountOfQueries": 7,
    "CVE": "CVE-2019-5479",
    "linesOfCode": {
      "files": 18,
      "blank": 203,
      "comment": 76,
      "code": 3827
    }
  }
}