{
  "preprocessing": {
    "compileMs": 3411.890840999782,
    "dbCreateMs": 11347.453449994326
  },
  "analysisMs": 20139.22543500364,
  "meta": {
    "amountOfQueries": 10,
    "CVE": "CVE-2019-5483",
    "linesOfCode": {
      "files": 136,
      "blank": 2728,
      "comment": 1915,
      "code": 13506
    }
  }
}