{
  "preprocessing": {
    "compileMs": 4160.611599996686,
    "dbCreateMs": 33013.748942002654
  },
  "analysisMs": 31914.797798998654,
  "meta": {
    "amountOfQueries": 12,
    "CVE": "CVE-2018-6342",
    "linesOfCode": {
      "files": 226,
      "blank": 12288,
      "comment": 25921,
      "code": 58677
    }
  }
}