{
  "preprocessing": {
    "compileMs": 2168.733622999862,
    "dbCreateMs": 10203.403707999736
  },
  "analysisMs": 14946.612413000315,
  "meta": {
    "amountOfQueries": 2,
    "CVE": "CVE-2017-10910",
    "linesOfCode": {
      "files": 46,
      "blank": 947,
      "comment": 638,
      "code": 5100
    }
  }
}