{
  "preprocessing": {
    "compileMs": 8949.48667500168,
    "dbCreateMs": 8156.2922250032425
  },
  "analysisMs": 24199.689171999693,
  "meta": {
    "amountOfQueries": 36,
    "CVE": "CVE-2020-7750",
    "linesOfCode": {
      "files": 15,
      "blank": 210,
      "comment": 447,
      "code": 1965
    }
  }
}