{
  "preprocessing": {
    "compileMs": 2489.76978199929,
    "dbCreateMs": 15166.619489997625
  },
  "analysisMs": 17436.727521002293,
  "meta": {
    "amountOfQueries": 7,
    "CVE": "CVE-2018-6184",
    "linesOfCode": {
      "files": 625,
      "blank": 2357,
      "comment": 786,
      "code": 16156
    }
  }
}