{
  "analysis": {
    "avgMs": 4405.874035960138,
    "runsMs": [
      4011.7736550001428,
      4245.374742999673,
      4891.13223600015,
      4477.273732000031,
      4721.7484069997445,
      5040.968634000048,
      4947.648097000085,
      4710.007974000648,
      5078.274207000621,
      4562.4555320004,
      4866.804000000469,
      4791.607798000798,
      4643.0044759996235,
      4464.861934999935,
      4073.797828000039,
      4064.9142969995737,
      4042.143535000272,
      4037.021317000501,
      4060.7866789996624,
      4053.4237390002236,
      4047.1573640005663,
      4097.236901000142,
      4078.830072999932,
      4072.0511730005965,
      4066.5525669995695
    ],
    "coldMs": 44516.14223999996
  },
  "meta": {
    "CVE": "CVE-2018-6184",
    "ruleCount": 11,
    "linesOfCode": {
      "files": 625,
      "blank": 2357,
      "comment": 786,
      "code": 16156
    }
  }
}