{
  "analysis": {
    "avgMs": 2391.593244999871,
    "runsMs": [
      2354.698029000312,
      2411.579299001023,
      2419.373828999698,
      2396.9822230003774,
      2412.1952199991792,
      2413.884996999055,
      2361.3051600009203,
      2444.8855389989913,
      2395.997615000233,
      2319.125505000353,
      2333.1160279996693,
      2351.8649620004,
      2388.5362010002136,
      2405.859404999763,
      2420.8988060001284,
      2387.3562039993703,
      2374.2835450004786,
      2402.0281889997423,
      2349.7141640000045,
      2417.532807998359,
      2461.832405999303,
      2362.8273839987814,
      2408.793411999941,
      2378.728794001043,
      2416.431400999427
    ],
    "coldMs": 2831.397606998682
  },
  "meta": {
    "CVE": "CVE-2018-6184",
    "ruleCount": 35,
    "linesOfCode": {
      "files": 625,
      "blank": 2357,
      "comment": 786,
      "code": 16156
    }
  }
}