{
  "analysis": {
    "avgMs": 41844.814408960265,
    "runsMs": [
      39535.16958300024,
      39712.38838900067,
      40068.210314000025,
      40196.533018000424,
      39912.470546999946,
      39923.832320000976,
      40164.237730998546,
      39974.00706699863,
      39992.885347001255,
      40059.571981001645,
      39904.03309499845,
      39885.2718009986,
      39937.33979599923,
      42270.77464699745,
      43084.76801400259,
      39929.74508900195,
      39939.69407400116,
      39914.401445001364,
      40927.9085390009,
      52002.737300001085,
      50981.28739400208,
      46067.09093600139,
      43176.13446100056,
      44468.99320599809,
      44090.87412999943
    ],
    "coldMs": 39748.712929999456
  },
  "meta": {
    "CVE": "CVE-2018-6184",
    "linesOfCode": {
      "files": 625,
      "blank": 2357,
      "comment": 786,
      "code": 16156
    }
  }
}