{
  "preprocessing": {
    "compileMs": 8852.563928000629,
    "dbCreateMs": 59383.65545000136
  },
  "analysisMs": 84663.52358700335,
  "meta": {
    "amountOfQueries": 36,
    "CVE": "CVE-2020-7676",
    "linesOfCode": {
      "files": 1148,
      "blank": 32498,
      "comment": 36991,
      "code": 232489
    }
  }
}