{
  "preprocessing": {
    "compileMs": 4947.055045999587,
    "dbCreateMs": 11485.674323998392
  },
  "analysisMs": 18837.38147599995,
  "meta": {
    "amountOfQueries": 10,
    "CVE": "CVE-2021-23364",
    "linesOfCode": {
      "files": 69,
      "blank": 626,
      "comment": 136,
      "code": 5287
    }
  }
}