{
  "analysis": {
    "avgMs": 1979.607274680026,
    "runsMs": [
      1979.6843449994922,
      1991.2349750008434,
      1981.4667720003054,
      1979.6677660001442,
      1975.6843710001558,
      1973.4284899998456,
      1952.354409999214,
      2001.963068000041,
      1977.4295279998332,
      1986.1710280003026,
      1990.6527030002326,
      1970.2154500000179,
      1978.8928159996867,
      1967.5777399996296,
      1977.750221000053,
      1962.9576279995963,
      1966.7594529995695,
      1986.350368999876,
      1979.106114000082,
      1989.088781000115,
      1975.4913959996775,
      1970.1759320003912,
      1977.457759000361,
      2015.8167710006237,
      1982.8039810005575
    ],
    "coldMs": 2918.993022000417
  },
  "meta": {
    "CVE": "CVE-2021-23364",
    "ruleCount": 11,
    "linesOfCode": {
      "files": 69,
      "blank": 626,
      "comment": 136,
      "code": 5287
    }
  }
}