{
  "analysis": {
    "avgMs": 1492.2274647597224,
    "runsMs": [
      1474.242207000032,
      1482.2886469997466,
      1467.9463780000806,
      1518.6903399992734,
      1477.8443029988557,
      1478.690275998786,
      1494.8800510000437,
      1488.8206629995257,
      1524.7902160007507,
      1503.6587560009211,
      1503.5984610002488,
      1539.6374910008162,
      1472.882301999256,
      1491.9904429987073,
      1468.021011998877,
      1544.038966998458,
      1494.3449259996414,
      1489.175434999168,
      1487.547043999657,
      1472.5897410009056,
      1481.8423440009356,
      1499.1230999995023,
      1483.859848998487,
      1492.9380189999938,
      1472.2456480003893
    ],
    "coldMs": 1743.8698950000107
  },
  "meta": {
    "CVE": "CVE-2021-23364",
    "ruleCount": 35,
    "linesOfCode": {
      "files": 69,
      "blank": 626,
      "comment": 136,
      "code": 5287
    }
  }
}