{
  "analysis": {
    "avgMs": 33357.127959680256,
    "runsMs": [
      33411.22908899933,
      33252.021246001124,
      33335.34726700187,
      33459.46253500134,
      33299.9736289978,
      33325.45136100054,
      33330.533711999655,
      33197.944760002196,
      33207.954091995955,
      33473.3122189939,
      33522.21930599958,
      33301.74891799688,
      33395.99159400165,
      33431.092943005264,
      33275.57345300168,
      33386.527327001095,
      33326.75453000516,
      33481.509667001665,
      33396.511765003204,
      33323.57954599708,
      33172.81153699756,
      33343.93513599783,
      33408.435882002115,
      33351.84800500423,
      33516.429472997785
    ],
    "coldMs": 33196.57441100478
  },
  "meta": {
    "CVE": "CVE-2021-23364",
    "linesOfCode": {
      "files": 69,
      "blank": 626,
      "comment": 136,
      "code": 5287
    }
  }
}