{
  "preprocessing": {
    "compileMs": 8355.105780996382,
    "dbCreateMs": 7342.286976002157
  },
  "analysisMs": 20856.202956996858,
  "meta": {
    "amountOfQueries": 30,
    "CVE": "CVE-2018-3722",
    "linesOfCode": {
      "files": 6,
      "blank": 47,
      "comment": 19,
      "code": 394
    }
  }
}