{
  "preprocessing": {
    "compileMs": 9548.3542239964,
    "dbCreateMs": 20086.38161100447
  },
  "analysisMs": 39401.116099998355,
  "meta": {
    "amountOfQueries": 31,
    "CVE": "CVE-2019-8903",
    "linesOfCode": {
      "files": 54,
      "blank": 9044,
      "comment": 3445,
      "code": 37193
    }
  }
}