{
  "preprocessing": {
    "compileMs": 8872.513515993953,
    "dbCreateMs": 28680.34123300016
  },
  "analysisMs": 45797.36475999653,
  "meta": {
    "amountOfQueries": 36,
    "CVE": "CVE-2020-4051",
    "linesOfCode": {
      "files": 533,
      "blank": 5157,
      "comment": 13496,
      "code": 29772
    }
  }
}