{
  "preprocessing": {
    "compileMs": 2630.8682669997215,
    "dbCreateMs": 8128.560022003949
  },
  "analysisMs": 13642.319074995816,
  "meta": {
    "amountOfQueries": 7,
    "CVE": "CVE-2019-5479",
    "linesOfCode": {
      "files": 18,
      "blank": 204,
      "comment": 77,
      "code": 3832
    }
  }
}