{
  "preprocessing": {
    "compileMs": 1692.9557049944997,
    "dbCreateMs": 26285.448339998722
  },
  "analysisMs": 32596.246294997633,
  "meta": {
    "amountOfQueries": 1,
    "CVE": "CVE-2020-5251",
    "linesOfCode": {
      "files": 310,
      "blank": 8264,
      "comment": 4968,
      "code": 112268
    }
  }
}