{
  "preprocessing": {
    "compileMs": 2586.1809720024467,
    "dbCreateMs": 15220.472072005272
  },
  "analysisMs": 17832.21213400364,
  "meta": {
    "amountOfQueries": 7,
    "CVE": "CVE-2018-6184",
    "linesOfCode": {
      "files": 626,
      "blank": 2360,
      "comment": 786,
      "code": 16172
    }
  }
}