{
  "analysis": {
    "avgMs": 4118.6397430400175,
    "runsMs": [
      3947.310668999329,
      4099.024426000193,
      4065.4615219999105,
      4206.810967000201,
      4132.664607999846,
      4156.583281000145,
      4143.314633999951,
      4206.810874000192,
      4253.849679999985,
      4245.67207699921,
      4246.215051999316,
      4208.865457000211,
      4152.8038290003315,
      4195.493414000608,
      4127.521550999954,
      4023.2392209991813,
      4006.7218720000237,
      4020.827680000104,
      4045.2783350003883,
      4071.83400600031,
      4034.6626709997654,
      4106.350034999661,
      4081.8446900006384,
      4133.655533000827,
      4053.1774920001626
    ],
    "coldMs": 41763.16694600042
  },
  "meta": {
    "CVE": "CVE-2018-6184",
    "ruleCount": 11,
    "linesOfCode": {
      "files": 626,
      "blank": 2360,
      "comment": 786,
      "code": 16172
    }
  }
}