{
  "analysis": {
    "avgMs": 39895.10345599964,
    "runsMs": [
      39168.32892999798,
      39323.89076599851,
      39610.97037100047,
      39776.42624099925,
      39867.75299900025,
      39766.29150899872,
      39743.847938999534,
      39894.57613499835,
      39816.25386700034,
      39953.99315999821,
      39970.573059000075,
      40324.654138002545,
      39912.889096003026,
      40813.04103899747,
      40336.044453997165,
      39851.805883001536,
      39635.59229899943,
      38897.56610799953,
      40369.12486900017,
      40445.911515999585,
      40037.155239999294,
      40215.767705999315,
      39962.730174001306,
      39885.54882399738,
      39796.85007800162
    ],
    "coldMs": 39453.61342199892
  },
  "meta": {
    "CVE": "CVE-2018-6184",
    "linesOfCode": {
      "files": 626,
      "blank": 2360,
      "comment": 786,
      "code": 16172
    }
  }
}