{
  "preprocessing": {
    "compileMs": 2233.617976002395,
    "dbCreateMs": 8015.7468020021915
  },
  "analysisMs": 13096.408121995628,
  "meta": {
    "amountOfQueries": 2,
    "CVE": "CVE-2017-16224",
    "linesOfCode": {
      "files": 27,
      "blank": 279,
      "comment": 77,
      "code": 1623
    }
  }
}