{
  "preprocessing": {
    "compileMs": 8898.0061250031,
    "dbCreateMs": 27507.715640999377
  },
  "analysisMs": 48002.04244700074,
  "meta": {
    "amountOfQueries": 36,
    "CVE": "CVE-2020-11022",
    "linesOfCode": {
      "files": 191,
      "blank": 12666,
      "comment": 8695,
      "code": 50339
    }
  }
}