{
  "preprocessing": {
    "compileMs": 4572.701561994851,
    "dbCreateMs": 7629.706425003707
  },
  "analysisMs": 15204.998822003603,
  "meta": {
    "amountOfQueries": 12,
    "CVE": "CVE-2019-5414",
    "linesOfCode": {
      "files": 5,
      "blank": 14,
      "comment": 0,
      "code": 103
    }
  }
}