{
  "preprocessing": {
    "compileMs": 8667.652577005327,
    "dbCreateMs": 11476.367994002998
  },
  "analysisMs": 27109.53933299333,
  "meta": {
    "amountOfQueries": 36,
    "CVE": "CVE-2018-19048",
    "linesOfCode": {
      "files": 25,
      "blank": 1213,
      "comment": 339,
      "code": 16328
    }
  }
}