{
  "preprocessing": {
    "compileMs": 4423.8821259997785,
    "dbCreateMs": 7582.856820999645
  },
  "analysisMs": 15642.913172999397,
  "meta": {
    "amountOfQueries": 12,
    "CVE": "CVE-2017-16100",
    "linesOfCode": {
      "files": 5,
      "blank": 9,
      "comment": 4,
      "code": 83
    }
  }
}