{
  "preprocessing": {
    "compileMs": 9049.720616996288,
    "dbCreateMs": 14210.987931996584
  },
  "analysisMs": 31601.547460004687,
  "meta": {
    "amountOfQueries": 36,
    "CVE": "CVE-2020-15119",
    "linesOfCode": {
      "files": 175,
      "blank": 2333,
      "comment": 759,
      "code": 19305
    }
  }
}