{
  "preprocessing": {
    "compileMs": 8695.434987001121,
    "dbCreateMs": 8062.060346998274
  },
  "analysisMs": 22567.36052200198,
  "meta": {
    "amountOfQueries": 36,
    "CVE": "CVE-2018-11093",
    "linesOfCode": {
      "files": 23,
      "blank": 767,
      "comment": 689,
      "code": 2379
    }
  }
}