{
  "preprocessing": {
    "compileMs": 7436.739988997579,
    "dbCreateMs": 58043.24030599743
  },
  "analysisMs": 60738.584917001426,
  "meta": {
    "amountOfQueries": 17,
    "CVE": "CVE-2019-17495",
    "linesOfCode": {
      "files": 182,
      "blank": 2290,
      "comment": 1163,
      "code": 41915
    }
  }
}