{
  "preprocessing": {
    "compileMs": 4275.932937003672,
    "dbCreateMs": 10822.83726799488
  },
  "analysisMs": 20261.892586000264,
  "meta": {
    "amountOfQueries": 12,
    "CVE": "CVE-2020-7752",
    "linesOfCode": {
      "files": 22,
      "blank": 769,
      "comment": 719,
      "code": 10056
    }
  }
}