{
  "preprocessing": {
    "compileMs": 6060.31288699992,
    "dbCreateMs": 13964.728628999554
  },
  "analysisMs": 24814.534501000308,
  "meta": {
    "amountOfQueries": 15,
    "CVE": "CVE-2017-16030",
    "linesOfCode": {
      "files": 14,
      "blank": 227,
      "comment": 376,
      "code": 7279
    }
  }
}