{
  "preprocessing": {
    "compileMs": 2540.0770049989223,
    "dbCreateMs": 7575.847609996796
  },
  "analysisMs": 12458.866197004914,
  "meta": {
    "amountOfQueries": 7,
    "CVE": "CVE-2018-3712",
    "linesOfCode": {
      "files": 11,
      "blank": 130,
      "comment": 62,
      "code": 590
    }
  }
}