{
  "preprocessing": {
    "compileMs": 4240.352159000002,
    "dbCreateMs": 7694.825193000026
  },
  "analysisMs": 15433.51022399962,
  "meta": {
    "amountOfQueries": 12,
    "CVE": "CVE-2017-16034",
    "linesOfCode": {
      "files": 8,
      "blank": 101,
      "comment": 35,
      "code": 426
    }
  }
}