{
  "preprocessing": {
    "compileMs": 4788.179645001888,
    "dbCreateMs": 8533.733654007316
  },
  "analysisMs": 16488.224745996296,
  "meta": {
    "amountOfQueries": 9,
    "CVE": "CVE-2019-10761",
    "linesOfCode": {
      "files": 14,
      "blank": 465,
      "comment": 314,
      "code": 3459
    }
  }
}