{
  "preprocessing": {
    "compileMs": 2683.909413999878,
    "dbCreateMs": 9674.419871000573
  },
  "analysisMs": 15237.251101999544,
  "meta": {
    "amountOfQueries": 7,
    "CVE": "CVE-2017-16083",
    "linesOfCode": {
      "files": 36,
      "blank": 519,
      "comment": 423,
      "code": 5765
    }
  }
}