{
  "preprocessing": {
    "compileMs": 4367.495345003903,
    "dbCreateMs": 7393.526233002543
  },
  "analysisMs": 15073.030336998403,
  "meta": {
    "amountOfQueries": 12,
    "CVE": "CVE-2017-1000219",
    "linesOfCode": {
      "files": 3,
      "blank": 52,
      "comment": 152,
      "code": 266
    }
  }
}