{
  "preprocessing": {
    "compileMs": 9442.359634004533,
    "dbCreateMs": 55080.826300002635
  },
  "analysisMs": 65595.73045899719,
  "meta": {
    "amountOfQueries": 31,
    "CVE": "CVE-2019-1010091",
    "linesOfCode": {
      "files": 1337,
      "blank": 23272,
      "comment": 17862,
      "code": 120475
    }
  }
}