{
  "preprocessing": {
    "compileMs": 4237.623006999493,
    "dbCreateMs": 7936.269862003624
  },
  "analysisMs": 17036.68538299948,
  "meta": {
    "amountOfQueries": 12,
    "CVE": "CVE-2020-4059",
    "linesOfCode": {
      "files": 13,
      "blank": 264,
      "comment": 8,
      "code": 4070
    }
  }
}