{
  "preprocessing": {
    "compileMs": 2369.3855420001782,
    "dbCreateMs": 10641.903227000032
  },
  "analysisMs": 14965.35469999956,
  "meta": {
    "amountOfQueries": 2,
    "CVE": "CVE-2017-10910",
    "linesOfCode": {
      "files": 46,
      "blank": 954,
      "comment": 638,
      "code": 5148
    }
  }
}