{
  "preprocessing": {
    "compileMs": 5391.805178999901,
    "dbCreateMs": 7406.682075999677
  },
  "analysisMs": 16701.874880999327,
  "meta": {
    "amountOfQueries": 15,
    "CVE": "CVE-2017-16119",
    "linesOfCode": {
      "files": 6,
      "blank": 81,
      "comment": 56,
      "code": 357
    }
  }
}