{
  "preprocessing": {
    "compileMs": 1666.646383000072,
    "dbCreateMs": 7564.700517000165
  },
  "analysisMs": 11387.093243999872,
  "meta": {
    "amountOfQueries": 1,
    "CVE": "CVE-2017-16028",
    "linesOfCode": {
      "files": 16,
      "blank": 95,
      "comment": 77,
      "code": 624
    }
  }
}