{
  "preprocessing": {
    "compileMs": 7248.926163002849,
    "dbCreateMs": 9353.213364005089
  },
  "analysisMs": 22192.17537100613,
  "meta": {
    "amountOfQueries": 17,
    "CVE": "CVE-2019-12043",
    "linesOfCode": {
      "files": 83,
      "blank": 1209,
      "comment": 880,
      "code": 6998
    }
  }
}