{
  "preprocessing": {
    "compileMs": 5118.979704999831,
    "dbCreateMs": 11357.048216999974
  },
  "analysisMs": 19254.41974900011,
  "meta": {
    "amountOfQueries": 12,
    "CVE": "CVE-2017-16006",
    "linesOfCode": {
      "files": 82,
      "blank": 2743,
      "comment": 3104,
      "code": 13477
    }
  }
}