{
  "preprocessing": {
    "compileMs": 8840.802049003541,
    "dbCreateMs": 13186.459485001862
  },
  "analysisMs": 31017.60720999539,
  "meta": {
    "amountOfQueries": 36,
    "CVE": "CVE-2019-10771",
    "linesOfCode": {
      "files": 32,
      "blank": 1808,
      "comment": 2594,
      "code": 12714
    }
  }
}