{
  "preprocessing": {
    "compileMs": 9513.081888996065,
    "dbCreateMs": 8431.71801700443
  },
  "analysisMs": 25197.863428004086,
  "meta": {
    "amountOfQueries": 45,
    "CVE": "CVE-2019-10758",
    "linesOfCode": {
      "files": 41,
      "blank": 674,
      "comment": 317,
      "code": 3086
    }
  }
}