{
  "preprocessing": {
    "compileMs": 5251.488796003163,
    "dbCreateMs": 134803.32025000453
  },
  "analysisMs": 56471.02266199887,
  "meta": {
    "amountOfQueries": 15,
    "CVE": "CVE-2017-18214",
    "linesOfCode": {
      "files": 560,
      "blank": 17156,
      "comment": 5107,
      "code": 143626
    }
  }
}