{
  "preprocessing": {
    "compileMs": 4277.250308999792,
    "dbCreateMs": 7347.913399999961
  },
  "analysisMs": 15781.381198000163,
  "meta": {
    "amountOfQueries": 12,
    "CVE": "CVE-2017-16042",
    "linesOfCode": {
      "files": 3,
      "blank": 22,
      "comment": 49,
      "code": 265
    }
  }
}