{
  "preprocessing": {
    "compileMs": 8435.016587994993,
    "dbCreateMs": 30629.2444639951
  },
  "analysisMs": 48777.57013799995,
  "meta": {
    "amountOfQueries": 30,
    "CVE": "CVE-2018-3721",
    "linesOfCode": {
      "files": 54,
      "blank": 17021,
      "comment": 20560,
      "code": 64520
    }
  }
}