{
  "preprocessing": {
    "compileMs": 7323.6351829990745,
    "dbCreateMs": 58318.7774489969
  },
  "analysisMs": 60201.97390899807,
  "meta": {
    "amountOfQueries": 17,
    "CVE": "CVE-2019-17495",
    "linesOfCode": {
      "files": 183,
      "blank": 2290,
      "comment": 1163,
      "code": 41975
    }
  }
}