{
  "preprocessing": {
    "compileMs": 1744.9460979998112,
    "dbCreateMs": 7562.634956002235
  },
  "analysisMs": 11651.996743999422,
  "meta": {
    "amountOfQueries": 2,
    "CVE": "CVE-2019-19507",
    "linesOfCode": {
      "files": 4,
      "blank": 50,
      "comment": 141,
      "code": 235
    }
  }
}