{
  "preprocessing": {
    "compileMs": 8517.451425999403,
    "dbCreateMs": 24682.12545799464
  },
  "analysisMs": 38852.89025000483,
  "meta": {
    "amountOfQueries": 36,
    "CVE": "CVE-2018-14380",
    "linesOfCode": {
      "files": 281,
      "blank": 2803,
      "comment": 938,
      "code": 30911
    }
  }
}