{
  "preprocessing": {
    "compileMs": 9488.61813300103,
    "dbCreateMs": 8359.489629998803
  },
  "analysisMs": 24376.112954996526,
  "meta": {
    "amountOfQueries": 45,
    "CVE": "CVE-2019-10758",
    "linesOfCode": {
      "files": 40,
      "blank": 599,
      "comment": 222,
      "code": 2883
    }
  }
}