{
  "preprocessing": {
    "compileMs": 8833.229905992746,
    "dbCreateMs": 7495.317570999265
  },
  "analysisMs": 20744.473236002028,
  "meta": {
    "amountOfQueries": 36,
    "CVE": "CVE-2018-3726",
    "linesOfCode": {
      "files": 2,
      "blank": 9,
      "comment": 23,
      "code": 267
    }
  }
}