{
  "preprocessing": {
    "compileMs": 8430.183487005532,
    "dbCreateMs": 12797.783321000636
  },
  "analysisMs": 30069.107729002833,
  "meta": {
    "amountOfQueries": 36,
    "CVE": "CVE-2018-14041",
    "linesOfCode": {
      "files": 76,
      "blank": 4373,
      "comment": 2723,
      "code": 32549
    }
  }
}