{
  "preprocessing": {
    "compileMs": 7486.024627998471,
    "dbCreateMs": 10347.085831001401
  },
  "analysisMs": 22934.110953003168,
  "meta": {
    "amountOfQueries": 19,
    "CVE": "CVE-2020-26226",
    "linesOfCode": {
      "files": 65,
      "blank": 1194,
      "comment": 792,
      "code": 8364
    }
  }
}