{
  "analysis": {
    "avgMs": 1358.6705294401943,
    "runsMs": [
      1334.7718080002815,
      1344.2227759994566,
      1341.1024000011384,
      1344.4934500008821,
      1382.4534939993173,
      1349.192067001015,
      1345.2118659988046,
      1357.72075500153,
      1342.598323000595,
      1345.5132170002908,
      1360.0746010001749,
      1347.948451999575,
      1381.4292489998043,
      1348.9906879998744,
      1383.692134000361,
      1372.1972320005298,
      1379.859206000343,
      1385.2575219999999,
      1381.0787959992886,
      1358.1299440003932,
      1375.348765000701,
      1352.538357000798,
      1350.3652870003134,
      1351.2390379998833,
      1351.3338089995086
    ],
    "coldMs": 1598.6566470004618
  },
  "meta": {
    "CVE": "CVE-2020-26226",
    "ruleCount": 35,
    "linesOfCode": {
      "files": 65,
      "blank": 1194,
      "comment": 792,
      "code": 8364
    }
  }
}