{
  "analysis": {
    "avgMs": 1930.7774672400205,
    "runsMs": [
      1942.375944999978,
      1909.5027700001374,
      1960.0514350002632,
      2016.118082000874,
      1946.3906450001523,
      1950.044122000225,
      1938.2938410006464,
      1937.6453079991043,
      1942.4344199998304,
      1917.4007059996948,
      1920.6951910005882,
      1933.1558720003814,
      1941.4688370004296,
      1919.2564469994977,
      1890.3712369995192,
      1922.256444000639,
      1932.255587999709,
      1926.23582299985,
      1929.9830860001966,
      1904.4842790002003,
      1925.739893999882,
      1931.0367489997298,
      1912.9148079995066,
      1913.7093690000474,
      1905.6157829994336
    ],
    "coldMs": 2658.367347000167
  },
  "meta": {
    "CVE": "CVE-2020-26226",
    "ruleCount": 11,
    "linesOfCode": {
      "files": 65,
      "blank": 1194,
      "comment": 792,
      "code": 8364
    }
  }
}