{
  "analysis": {
    "avgMs": 98937.24071976006,
    "runsMs": [
      102437.48260900006,
      97141.78981200233,
      98842.87392399833,
      97641.06191600114,
      98185.3593220003,
      103068.48270500079,
      98782.92372100055,
      98375.11995299906,
      98787.21573299915,
      99327.7868280001,
      98737.72188600153,
      99438.50738799945,
      98963.72791600227,
      98977.69269499928,
      98765.17355800048,
      99091.628690999,
      98903.18565899879,
      98800.34768699855,
      98632.29787500203,
      98780.33294099942,
      99050.6274579987,
      98689.37825600058,
      97820.2684759982,
      97670.2483830005,
      98519.78260200098
    ],
    "coldMs": 102624.24788599834
  },
  "meta": {
    "CVE": "CVE-2020-26226",
    "linesOfCode": {
      "files": 65,
      "blank": 1194,
      "comment": 792,
      "code": 8364
    }
  }
}