{
  "preprocessing": {
    "compileMs": 4785.376671999693,
    "dbCreateMs": 8627.370849996805
  },
  "analysisMs": 17288.476675003767,
  "meta": {
    "amountOfQueries": 9,
    "CVE": "CVE-2019-15657",
    "linesOfCode": {
      "files": 29,
      "blank": 233,
      "comment": 318,
      "code": 3862
    }
  }
}