{
  "preprocessing": {
    "compileMs": 5067.163144998252,
    "dbCreateMs": 7405.157090999186
  },
  "analysisMs": 15481.60964000225,
  "meta": {
    "amountOfQueries": 11,
    "CVE": "CVE-2018-16472",
    "linesOfCode": {
      "files": 4,
      "blank": 18,
      "comment": 26,
      "code": 41
    }
  }
}