{
  "preprocessing": {
    "compileMs": 9591.551190003753,
    "dbCreateMs": 22467.907276004553
  },
  "analysisMs": 32371.78608199954,
  "meta": {
    "amountOfQueries": 45,
    "CVE": "CVE-2018-18282",
    "linesOfCode": {
      "files": 1116,
      "blank": 4553,
      "comment": 2212,
      "code": 30540
    }
  }
}