{
  "preprocessing": {
    "compileMs": 8313.987896002829,
    "dbCreateMs": 8034.599481999874
  },
  "analysisMs": 22036.926757000387,
  "meta": {
    "amountOfQueries": 30,
    "CVE": "CVE-2018-16490",
    "linesOfCode": {
      "files": 7,
      "blank": 303,
      "comment": 84,
      "code": 1968
    }
  }
}