{
  "preprocessing": {
    "compileMs": 3213.658615998924,
    "dbCreateMs": 21300.823439002037
  },
  "analysisMs": 30574.724355004728,
  "meta": {
    "amountOfQueries": 10,
    "CVE": "CVE-2020-15095",
    "linesOfCode": {
      "files": 2559,
      "blank": 30753,
      "comment": 22574,
      "code": 272556
    }
  }
}