{
  "preprocessing": {
    "compileMs": 7498.110858999193,
    "dbCreateMs": 10351.367660999298
  },
  "analysisMs": 23563.483071006835,
  "meta": {
    "amountOfQueries": 19,
    "CVE": "CVE-2020-26226",
    "linesOfCode": {
      "files": 65,
      "blank": 1193,
      "comment": 792,
      "code": 8352
    }
  }
}