{
  "analysis": {
    "avgMs": 1915.2513341198862,
    "runsMs": [
      1925.255911000073,
      1891.6062199994922,
      1913.732293999754,
      1922.6644319994375,
      1901.7384989997372,
      1910.2585490001366,
      1928.2657729992643,
      1918.5183669999242,
      1910.838128999807,
      1892.6966220000759,
      1921.922375000082,
      1910.9762369999662,
      1934.731498000212,
      1913.7234079996124,
      1901.9761410001665,
      1908.918804999441,
      1918.702025000006,
      1932.5709040006623,
      1935.3434750000015,
      1918.9399469997734,
      1927.7634849995375,
      1903.812450999394,
      1915.36439100001,
      1933.5118509996682,
      1887.4515640009195
    ],
    "coldMs": 2632.7880629999563
  },
  "meta": {
    "CVE": "CVE-2020-26226",
    "ruleCount": 11,
    "linesOfCode": {
      "files": 65,
      "blank": 1193,
      "comment": 792,
      "code": 8352
    }
  }
}