{
  "analysis": {
    "avgMs": 1337.7623780798913,
    "runsMs": [
      1332.6137530002743,
      1336.19290599972,
      1336.8351930007339,
      1331.8270789999515,
      1338.4007940012962,
      1347.426901999861,
      1334.7060620002449,
      1327.1603360008448,
      1334.5713069997728,
      1336.9425929989666,
      1353.2114909999073,
      1346.2627750001848,
      1321.7867519985884,
      1335.7747109998018,
      1322.759124999866,
      1343.6239730007946,
      1324.4584669992328,
      1336.9298039991409,
      1358.4150459989905,
      1332.8835339993238,
      1349.6107190009207,
      1325.628665998578,
      1347.9587799999863,
      1337.5739229992032,
      1350.5047610010952
    ],
    "coldMs": 1580.8120390009135
  },
  "meta": {
    "CVE": "CVE-2020-26226",
    "ruleCount": 35,
    "linesOfCode": {
      "files": 65,
      "blank": 1193,
      "comment": 792,
      "code": 8352
    }
  }
}