{
  "analysis": {
    "avgMs": 106967.38172144041,
    "runsMs": [
      97744.0460630022,
      97494.76823199913,
      104291.98158000037,
      109677.82626599818,
      107536.79721900076,
      109826.93751600012,
      104807.41181299835,
      107875.46043600142,
      112771.08318899944,
      105535.12638400123,
      104478.49301199988,
      108871.87651199847,
      107900.59497500211,
      105048.70363799855,
      101796.13254499808,
      106755.31685899943,
      105474.14403100312,
      106731.76619500294,
      110360.29797400162,
      105377.21944800019,
      103803.54989599809,
      114155.25926800072,
      112843.62002000213,
      112233.68633300066,
      110792.44363200292
    ],
    "coldMs": 98052.17021300271
  },
  "meta": {
    "CVE": "CVE-2020-26226",
    "linesOfCode": {
      "files": 65,
      "blank": 1193,
      "comment": 792,
      "code": 8352
    }
  }
}