{
  "preprocessing": {
    "compileMs": 4267.126353003085,
    "dbCreateMs": 8603.35786999762
  },
  "analysisMs": 15091.329409994185,
  "meta": {
    "amountOfQueries": 12,
    "CVE": "CVE-2019-10778",
    "linesOfCode": {
      "files": 7,
      "blank": 34,
      "comment": 40,
      "code": 322
    }
  }
}