{
  "preprocessing": {
    "compileMs": 9514.969550006092,
    "dbCreateMs": 54884.95955500007
  },
  "analysisMs": 65898.59319699556,
  "meta": {
    "amountOfQueries": 31,
    "CVE": "CVE-2019-1010091",
    "linesOfCode": {
      "files": 1337,
      "blank": 23273,
      "comment": 17862,
      "code": 120485
    }
  }
}