{
  "preprocessing": {
    "compileMs": 4305.83717700094,
    "dbCreateMs": 9097.642534993589
  },
  "analysisMs": 16215.855875000358,
  "meta": {
    "amountOfQueries": 12,
    "CVE": "CVE-2020-8149",
    "linesOfCode": {
      "files": 21,
      "blank": 138,
      "comment": 8,
      "code": 1460
    }
  }
}