{
  "preprocessing": {
    "compileMs": 2646.5752509981394,
    "dbCreateMs": 26763.90920700133
  },
  "analysisMs": 30361.43830499798,
  "meta": {
    "amountOfQueries": 3,
    "CVE": "CVE-2020-8205",
    "linesOfCode": {
      "files": 552,
      "blank": 4814,
      "comment": 3556,
      "code": 88871
    }
  }
}