{
  "preprocessing": {
    "compileMs": 8128.229504004121,
    "dbCreateMs": 8089.200238004327
  },
  "analysisMs": 21766.14777699858,
  "meta": {
    "amountOfQueries": 30,
    "CVE": "CVE-2018-16490",
    "linesOfCode": {
      "files": 7,
      "blank": 307,
      "comment": 88,
      "code": 1988
    }
  }
}