{
  "preprocessing": {
    "compileMs": 5392.023358002305,
    "dbCreateMs": 19083.279406003654
  },
  "analysisMs": 20946.457979999483,
  "meta": {
    "amountOfQueries": 15,
    "CVE": "CVE-2020-26256",
    "linesOfCode": {
      "files": 224,
      "blank": 1376,
      "comment": 675,
      "code": 38210
    }
  }
}