{
  "preprocessing": {
    "compileMs": 4272.108014002442,
    "dbCreateMs": 7536.46926099807
  },
  "analysisMs": 15667.132344000041,
  "meta": {
    "amountOfQueries": 12,
    "CVE": "CVE-2018-16461",
    "linesOfCode": {
      "files": 21,
      "blank": 260,
      "comment": 336,
      "code": 646
    }
  }
}