{
  "preprocessing": {
    "compileMs": 9053.76485300064,
    "dbCreateMs": 18552.94628699869
  },
  "analysisMs": 33708.03380700201,
  "meta": {
    "amountOfQueries": 36,
    "CVE": "CVE-2019-15478",
    "linesOfCode": {
      "files": 176,
      "blank": 4043,
      "comment": 3573,
      "code": 29257
    }
  }
}