{
  "preprocessing": {
    "compileMs": 2486.868052005768,
    "dbCreateMs": 7522.464180998504
  },
  "analysisMs": 12837.74238499999,
  "meta": {
    "amountOfQueries": 7,
    "CVE": "CVE-2018-3713",
    "linesOfCode": {
      "files": 4,
      "blank": 37,
      "comment": 20,
      "code": 233
    }
  }
}