{
  "preprocessing": {
    "compileMs": 4170.685414999723,
    "dbCreateMs": 7366.940719000995
  },
  "analysisMs": 14963.291051000357,
  "meta": {
    "amountOfQueries": 12,
    "CVE": "CVE-2018-16460",
    "linesOfCode": {
      "files": 2,
      "blank": 41,
      "comment": 3,
      "code": 132
    }
  }
}