{
  "preprocessing": {
    "compileMs": 9203.53320299834,
    "dbCreateMs": 16236.943570002913
  },
  "analysisMs": 34021.010751999915,
  "meta": {
    "amountOfQueries": 36,
    "CVE": "CVE-2020-15138",
    "linesOfCode": {
      "files": 555,
      "blank": 2507,
      "comment": 4051,
      "code": 26905
    }
  }
}