{
  "preprocessing": {
    "compileMs": 8335.755869999528,
    "dbCreateMs": 8314.562199994922
  },
  "analysisMs": 22420.498258002102,
  "meta": {
    "amountOfQueries": 30,
    "CVE": "CVE-2018-3728",
    "linesOfCode": {
      "files": 8,
      "blank": 1011,
      "comment": 44,
      "code": 2633
    }
  }
}