{
  "preprocessing": {
    "compileMs": 4191.8022900000215,
    "dbCreateMs": 7403.163548998535
  },
  "analysisMs": 14497.216761000454,
  "meta": {
    "amountOfQueries": 12,
    "CVE": "CVE-2018-16462",
    "linesOfCode": {
      "files": 6,
      "blank": 55,
      "comment": 19,
      "code": 330
    }
  }
}