{
  "preprocessing": {
    "compileMs": 2084.0305260047317,
    "dbCreateMs": 63343.16514400393
  },
  "analysisMs": 68857.0071399957,
  "meta": {
    "amountOfQueries": 2,
    "CVE": "CVE-2018-6333",
    "linesOfCode": {
      "files": 2712,
      "blank": 31479,
      "comment": 44224,
      "code": 298154
    }
  }
}