{
  "preprocessing": {
    "compileMs": 2727.648031003773,
    "dbCreateMs": 13091.615768000484
  },
  "analysisMs": 16154.625229999423,
  "meta": {
    "amountOfQueries": 7,
    "CVE": "CVE-2017-16877",
    "linesOfCode": {
      "files": 350,
      "blank": 1371,
      "comment": 436,
      "code": 9261
    }
  }
}