{
  "preprocessing": {
    "compileMs": 3324.08840200305,
    "dbCreateMs": 8812.590943999588
  },
  "analysisMs": 15767.952126994729,
  "meta": {
    "amountOfQueries": 10,
    "CVE": "CVE-2020-11059",
    "linesOfCode": {
      "files": 85,
      "blank": 502,
      "comment": 145,
      "code": 3531
    }
  }
}