{
  "preprocessing": {
    "compileMs": 8244.880009002984,
    "dbCreateMs": 9887.660356998444
  },
  "analysisMs": 22898.189123004675,
  "meta": {
    "amountOfQueries": 30,
    "CVE": "CVE-2018-16489",
    "linesOfCode": {
      "files": 190,
      "blank": 664,
      "comment": 814,
      "code": 9021
    }
  }
}