{
  "preprocessing": {
    "compileMs": 2193.617187999189,
    "dbCreateMs": 7528.4659989997745
  },
  "analysisMs": 12748.970146998763,
  "meta": {
    "amountOfQueries": 2,
    "CVE": "CVE-2018-20835",
    "linesOfCode": {
      "files": 3,
      "blank": 144,
      "comment": 1,
      "code": 587
    }
  }
}