{
  "preprocessing": {
    "compileMs": 8644.126537002623,
    "dbCreateMs": 24424.815232001245
  },
  "analysisMs": 43500.16215399653,
  "meta": {
    "amountOfQueries": 36,
    "CVE": "CVE-2018-8035",
    "linesOfCode": {
      "files": 49,
      "blank": 8283,
      "comment": 14916,
      "code": 38295
    }
  }
}