{
  "preprocessing": {
    "compileMs": 4199.054125994444,
    "dbCreateMs": 10246.49246700108
  },
  "analysisMs": 15609.866574004292,
  "meta": {
    "amountOfQueries": 12,
    "CVE": "CVE-2018-3786",
    "linesOfCode": {
      "files": 38,
      "blank": 286,
      "comment": 87,
      "code": 1465
    }
  }
}