{
  "preprocessing": {
    "compileMs": 8277.23564799875,
    "dbCreateMs": 7765.6675969958305
  },
  "analysisMs": 20357.79833699763,
  "meta": {
    "amountOfQueries": 30,
    "CVE": "CVE-2018-3752",
    "linesOfCode": {
      "files": 11,
      "blank": 65,
      "comment": 19,
      "code": 10798
    }
  }
}