{
  "preprocessing": {
    "compileMs": 2007.3317210003734,
    "dbCreateMs": 7509.0270829997025
  },
  "analysisMs": 12105.12114099972,
  "meta": {
    "amountOfQueries": 2,
    "CVE": "CVE-2017-16003",
    "linesOfCode": {
      "files": 20,
      "blank": 133,
      "comment": 91,
      "code": 623
    }
  }
}