{
  "preprocessing": {
    "compileMs": 8606.323536001146,
    "dbCreateMs": 25507.267783001065
  },
  "analysisMs": 40356.4693909958,
  "meta": {
    "amountOfQueries": 36,
    "CVE": "CVE-2018-14040",
    "linesOfCode": {
      "files": 60,
      "blank": 4726,
      "comment": 2899,
      "code": 32303
    }
  }
}