{
  "preprocessing": {
    "compileMs": 8857.52110800147,
    "dbCreateMs": 9574.738539002836
  },
  "analysisMs": 21887.770034000278,
  "meta": {
    "amountOfQueries": 36,
    "CVE": "CVE-2019-12313",
    "linesOfCode": {
      "files": 14,
      "blank": 83,
      "comment": 47,
      "code": 528
    }
  }
}