{
  "preprocessing": {
    "compileMs": 8914.041575000156,
    "dbCreateMs": 9158.943533999845
  },
  "analysisMs": 23765.258754999842,
  "meta": {
    "amountOfQueries": 36,
    "CVE": "CVE-2017-16018",
    "linesOfCode": {
      "files": 41,
      "blank": 1579,
      "comment": 2460,
      "code": 4973
    }
  }
}