{
  "preprocessing": {
    "compileMs": 1708.1928389966488,
    "dbCreateMs": 9478.184983998537
  },
  "analysisMs": 11444.94930100441,
  "meta": {
    "amountOfQueries": 1,
    "CVE": "CVE-2022-0002",
    "linesOfCode": {
      "files": 20,
      "blank": 18,
      "comment": 2,
      "code": 421
    }
  }
}