{
  "preprocessing": {
    "compileMs": 3483.6063839942217,
    "dbCreateMs": 21750.674108996987
  },
  "analysisMs": 31100.152105994523,
  "meta": {
    "amountOfQueries": 10,
    "CVE": "CVE-2020-15095",
    "linesOfCode": {
      "files": 2560,
      "blank": 30760,
      "comment": 22576,
      "code": 272582
    }
  }
}