{
  "preprocessing": {
    "compileMs": 8484.180135004222,
    "dbCreateMs": 11436.06027200073
  },
  "analysisMs": 26557.347961001098,
  "meta": {
    "amountOfQueries": 36,
    "CVE": "CVE-2018-19048",
    "linesOfCode": {
      "files": 25,
      "blank": 1065,
      "comment": 28,
      "code": 15086
    }
  }
}