{
  "preprocessing": {
    "compileMs": 4336.425288000144,
    "dbCreateMs": 9483.46596999932
  },
  "analysisMs": 15789.432436999865,
  "meta": {
    "amountOfQueries": 12,
    "CVE": "CVE-2017-16087",
    "linesOfCode": {
      "files": 10,
      "blank": 33,
      "comment": 42,
      "code": 3584
    }
  }
}