{
  "preprocessing": {
    "compileMs": 8232.23393600434,
    "dbCreateMs": 7445.7320350036025
  },
  "analysisMs": 20225.724812999368,
  "meta": {
    "amountOfQueries": 30,
    "CVE": "CVE-2019-10745",
    "linesOfCode": {
      "files": 5,
      "blank": 71,
      "comment": 6,
      "code": 606
    }
  }
}