{
  "preprocessing": {
    "compileMs": 7192.32518699998,
    "dbCreateMs": 14123.63107299991
  },
  "analysisMs": 30668.165771000087,
  "meta": {
    "amountOfQueries": 17,
    "CVE": "CVE-2017-16011",
    "linesOfCode": {
      "files": 59,
      "blank": 5860,
      "comment": 2994,
      "code": 23459
    }
  }
}