{
  "preprocessing": {
    "compileMs": 9394.610444001853,
    "dbCreateMs": 13921.812891997397
  },
  "analysisMs": 32312.21252799779,
  "meta": {
    "amountOfQueries": 36,
    "CVE": "CVE-2019-8331",
    "linesOfCode": {
      "files": 75,
      "blank": 5003,
      "comment": 2666,
      "code": 33489
    }
  }
}