{
  "preprocessing": {
    "compileMs": 3122.9804399982095,
    "dbCreateMs": 9550.33313599974
  },
  "analysisMs": 16029.821224994957,
  "meta": {
    "amountOfQueries": 5,
    "CVE": "CVE-2019-10742",
    "linesOfCode": {
      "files": 84,
      "blank": 1215,
      "comment": 1097,
      "code": 5809
    }
  }
}