{
  "preprocessing": {
    "compileMs": 2477.771020002663,
    "dbCreateMs": 7247.906203001738
  },
  "analysisMs": 12112.272492997348,
  "meta": {
    "amountOfQueries": 7,
    "CVE": "CVE-2018-3725",
    "linesOfCode": {
      "files": 3,
      "blank": 39,
      "comment": 35,
      "code": 633
    }
  }
}