{
  "preprocessing": {
    "compileMs": 9301.440310001373,
    "dbCreateMs": 26775.86755400151
  },
  "analysisMs": 44469.23486100137,
  "meta": {
    "amountOfQueries": 36,
    "CVE": "CVE-2019-15532",
    "linesOfCode": {
      "files": 472,
      "blank": 6610,
      "comment": 14224,
      "code": 59601
    }
  }
}