{
  "preprocessing": {
    "compileMs": 8368.46692200005,
    "dbCreateMs": 31199.342770002782
  },
  "analysisMs": 49122.49159400165,
  "meta": {
    "amountOfQueries": 30,
    "CVE": "CVE-2020-8203",
    "linesOfCode": {
      "files": 56,
      "blank": 18148,
      "comment": 30669,
      "code": 76507
    }
  }
}