{
  "preprocessing": {
    "compileMs": 5770.024098999798,
    "dbCreateMs": 8904.33030499518
  },
  "analysisMs": 19186.5771170035,
  "meta": {
    "amountOfQueries": 15,
    "CVE": "CVE-2019-17592",
    "linesOfCode": {
      "files": 30,
      "blank": 393,
      "comment": 267,
      "code": 2588
    }
  }
}