{
  "preprocessing": {
    "compileMs": 8412.551623001695,
    "dbCreateMs": 7653.154783003032
  },
  "analysisMs": 19939.35988099873,
  "meta": {
    "amountOfQueries": 30,
    "CVE": "CVE-2019-10746",
    "linesOfCode": {
      "files": 5,
      "blank": 35,
      "comment": 10,
      "code": 354
    }
  }
}