{
  "preprocessing": {
    "compileMs": 3213.249531999696,
    "dbCreateMs": 8266.734431999736
  },
  "analysisMs": 14439.602870999835,
  "meta": {
    "amountOfQueries": 5,
    "CVE": "CVE-2017-16014",
    "linesOfCode": {
      "files": 31,
      "blank": 549,
      "comment": 1257,
      "code": 2078
    }
  }
}