{
  "preprocessing": {
    "compileMs": 2531.028132997453,
    "dbCreateMs": 8318.220159001648
  },
  "analysisMs": 13804.615509994328,
  "meta": {
    "amountOfQueries": 7,
    "CVE": "CVE-2018-16478",
    "linesOfCode": {
      "files": 21,
      "blank": 572,
      "comment": 478,
      "code": 3034
    }
  }
}