{
  "preprocessing": {
    "compileMs": 4183.509162001312,
    "dbCreateMs": 7832.282781004906
  },
  "analysisMs": 16601.896177999675,
  "meta": {
    "amountOfQueries": 12,
    "CVE": "CVE-2020-4059",
    "linesOfCode": {
      "files": 13,
      "blank": 263,
      "comment": 8,
      "code": 4030
    }
  }
}