{
  "preprocessing": {
    "compileMs": 5449.800416000187,
    "dbCreateMs": 18894.310703001916
  },
  "analysisMs": 21596.55438899994,
  "meta": {
    "amountOfQueries": 15,
    "CVE": "CVE-2020-26256",
    "linesOfCode": {
      "files": 223,
      "blank": 1372,
      "comment": 675,
      "code": 38177
    }
  }
}