{
  "preprocessing": {
    "compileMs": 1694.972055003047,
    "dbCreateMs": 11895.422210000455
  },
  "analysisMs": 17439.55886900425,
  "meta": {
    "amountOfQueries": 1,
    "CVE": "CVE-2019-18954",
    "linesOfCode": {
      "files": 118,
      "blank": 2006,
      "comment": 2349,
      "code": 11126
    }
  }
}