{
  "preprocessing": {
    "compileMs": 4161.877228997648,
    "dbCreateMs": 7840.261083997786
  },
  "analysisMs": 15393.691990993917,
  "meta": {
    "amountOfQueries": 12,
    "CVE": "CVE-2019-10776",
    "linesOfCode": {
      "files": 28,
      "blank": 311,
      "comment": 51,
      "code": 4387
    }
  }
}