{
  "preprocessing": {
    "compileMs": 2155.441049993038,
    "dbCreateMs": 12036.029477998614
  },
  "analysisMs": 13013.706533998251,
  "meta": {
    "amountOfQueries": 2,
    "CVE": "CVE-2022-0007",
    "linesOfCode": {
      "files": 38,
      "blank": 64,
      "comment": 41,
      "code": 984
    }
  }
}