{
  "preprocessing": {
    "compileMs": 4187.665802001953,
    "dbCreateMs": 8417.138690002263
  },
  "analysisMs": 15872.564510002732,
  "meta": {
    "amountOfQueries": 12,
    "CVE": "CVE-2019-10061",
    "linesOfCode": {
      "files": 39,
      "blank": 736,
      "comment": 286,
      "code": 2300
    }
  }
}