{
  "preprocessing": {
    "compileMs": 10557.925220000092,
    "dbCreateMs": 7753.762602000032
  },
  "analysisMs": 24855.038492000196,
  "meta": {
    "amountOfQueries": 45,
    "CVE": "CVE-2017-5954",
    "linesOfCode": {
      "files": 10,
      "blank": 51,
      "comment": 156,
      "code": 746
    }
  }
}