{
  "preprocessing": {
    "compileMs": 5086.493390001357,
    "dbCreateMs": 8651.485964000225
  },
  "analysisMs": 17417.894501000643,
  "meta": {
    "amountOfQueries": 12,
    "CVE": "CVE-2019-9844",
    "linesOfCode": {
      "files": 10,
      "blank": 519,
      "comment": 554,
      "code": 14191
    }
  }
}