{
  "preprocessing": {
    "compileMs": 4177.813496999443,
    "dbCreateMs": 7257.912434004247
  },
  "analysisMs": 14949.504611000419,
  "meta": {
    "amountOfQueries": 12,
    "CVE": "CVE-2018-16460",
    "linesOfCode": {
      "files": 2,
      "blank": 18,
      "comment": 4,
      "code": 107
    }
  }
}