{
  "preprocessing": {
    "compileMs": 4735.987169995904,
    "dbCreateMs": 7161.605990000069
  },
  "analysisMs": 15715.592589996755,
  "meta": {
    "amountOfQueries": 11,
    "CVE": "CVE-2018-16472",
    "linesOfCode": {
      "files": 4,
      "blank": 18,
      "comment": 26,
      "code": 41
    }
  }
}