{
  "preprocessing": {
    "compileMs": 2750.705691999756,
    "dbCreateMs": 9617.862914999947
  },
  "analysisMs": 15310.995529000647,
  "meta": {
    "amountOfQueries": 7,
    "CVE": "CVE-2017-16083",
    "linesOfCode": {
      "files": 36,
      "blank": 519,
      "comment": 424,
      "code": 5756
    }
  }
}