{
  "preprocessing": {
    "compileMs": 5401.033046998084,
    "dbCreateMs": 7322.736124999821
  },
  "analysisMs": 16713.104961000383,
  "meta": {
    "amountOfQueries": 15,
    "CVE": "CVE-2017-16119",
    "linesOfCode": {
      "files": 6,
      "blank": 78,
      "comment": 52,
      "code": 335
    }
  }
}