{
  "preprocessing": {
    "compileMs": 8470.16578400135,
    "dbCreateMs": 8017.735418997705
  },
  "analysisMs": 22247.70149499923,
  "meta": {
    "amountOfQueries": 36,
    "CVE": "CVE-2018-11093",
    "linesOfCode": {
      "files": 23,
      "blank": 820,
      "comment": 705,
      "code": 2493
    }
  }
}