{
  "preprocessing": {
    "compileMs": 8526.502138003707,
    "dbCreateMs": 31973.47534299642
  },
  "analysisMs": 50037.59308599681,
  "meta": {
    "amountOfQueries": 30,
    "CVE": "CVE-2020-5258",
    "linesOfCode": {
      "files": 1013,
      "blank": 7765,
      "comment": 19672,
      "code": 117929
    }
  }
}