{
  "preprocessing": {
    "compileMs": 1923.5573899969459,
    "dbCreateMs": 7306.773781001568
  },
  "analysisMs": 11787.418931007385,
  "meta": {
    "amountOfQueries": 2,
    "CVE": "CVE-2018-1000620",
    "linesOfCode": {
      "files": 3,
      "blank": 58,
      "comment": 8,
      "code": 126
    }
  }
}