{
  "preprocessing": {
    "compileMs": 8747.857930004597,
    "dbCreateMs": 7436.210074000061
  },
  "analysisMs": 20439.391828000546,
  "meta": {
    "amountOfQueries": 36,
    "CVE": "CVE-2018-3726",
    "linesOfCode": {
      "files": 2,
      "blank": 9,
      "comment": 23,
      "code": 265
    }
  }
}