{
  "preprocessing": {
    "compileMs": 4229.070953994989,
    "dbCreateMs": 7422.825942002237
  },
  "analysisMs": 15676.977457001805,
  "meta": {
    "amountOfQueries": 12,
    "CVE": "CVE-2019-10777",
    "linesOfCode": {
      "files": 7,
      "blank": 159,
      "comment": 60,
      "code": 581
    }
  }
}