{
  "preprocessing": {
    "compileMs": 1724.546853005886,
    "dbCreateMs": 12107.366248995066
  },
  "analysisMs": 17276.88960199803,
  "meta": {
    "amountOfQueries": 1,
    "CVE": "CVE-2019-18954",
    "linesOfCode": {
      "files": 118,
      "blank": 2007,
      "comment": 2349,
      "code": 11121
    }
  }
}