{
  "preprocessing": {
    "compileMs": 9689.582164004445,
    "dbCreateMs": 19716.40794699639
  },
  "analysisMs": 29798.151401005685,
  "meta": {
    "amountOfQueries": 45,
    "CVE": "CVE-2020-6836",
    "linesOfCode": {
      "files": 70,
      "blank": 3418,
      "comment": 1669,
      "code": 26883
    }
  }
}