{
  "preprocessing": {
    "compileMs": 8972.998227000004,
    "dbCreateMs": 7544.058451000135
  },
  "analysisMs": 21605.35013299994,
  "meta": {
    "amountOfQueries": 36,
    "CVE": "CVE-2017-0931",
    "linesOfCode": {
      "files": 4,
      "blank": 84,
      "comment": 23,
      "code": 5821
    }
  }
}