{
  "preprocessing": {
    "compileMs": 5378.852722004056,
    "dbCreateMs": 9405.734554998577
  },
  "analysisMs": 20119.06737999618,
  "meta": {
    "amountOfQueries": 15,
    "CVE": "CVE-2018-3737",
    "linesOfCode": {
      "files": 39,
      "blank": 1210,
      "comment": 342,
      "code": 7473
    }
  }
}