{
  "preprocessing": {
    "compileMs": 4040.2816479951143,
    "dbCreateMs": 7708.789613001049
  },
  "analysisMs": 15090.785884998739,
  "meta": {
    "amountOfQueries": 12,
    "CVE": "CVE-2019-10777",
    "linesOfCode": {
      "files": 7,
      "blank": 161,
      "comment": 59,
      "code": 585
    }
  }
}