{
  "preprocessing": {
    "compileMs": 4203.369336001575,
    "dbCreateMs": 7460.304526001215
  },
  "analysisMs": 15366.558035999537,
  "meta": {
    "amountOfQueries": 12,
    "CVE": "CVE-2018-13797",
    "linesOfCode": {
      "files": 6,
      "blank": 27,
      "comment": 2,
      "code": 218
    }
  }
}