{
  "preprocessing": {
    "compileMs": 8460.986910000443,
    "dbCreateMs": 7562.191635005176
  },
  "analysisMs": 20133.835762001574,
  "meta": {
    "amountOfQueries": 30,
    "CVE": "CVE-2019-10745",
    "linesOfCode": {
      "files": 5,
      "blank": 73,
      "comment": 6,
      "code": 611
    }
  }
}