{
  "preprocessing": {
    "compileMs": 8733.209544993937,
    "dbCreateMs": 7962.983321003616
  },
  "analysisMs": 22794.761803999543,
  "meta": {
    "amountOfQueries": 36,
    "CVE": "CVE-2017-18353",
    "linesOfCode": {
      "files": 13,
      "blank": 157,
      "comment": 253,
      "code": 6488
    }
  }
}