{
  "preprocessing": {
    "compileMs": 4822.915720000863,
    "dbCreateMs": 8696.222644001245
  },
  "analysisMs": 17378.681489996612,
  "meta": {
    "amountOfQueries": 9,
    "CVE": "CVE-2019-15657",
    "linesOfCode": {
      "files": 29,
      "blank": 230,
      "comment": 307,
      "code": 3760
    }
  }
}