{
  "preprocessing": {
    "compileMs": 1886.5948039963841,
    "dbCreateMs": 7913.7729109972715
  },
  "analysisMs": 12851.6539689973,
  "meta": {
    "amountOfQueries": 1,
    "CVE": "CVE-2019-15658",
    "linesOfCode": {
      "files": 7,
      "blank": 153,
      "comment": 66,
      "code": 662
    }
  }
}