{
  "preprocessing": {
    "compileMs": 8959.24119899422,
    "dbCreateMs": 13916.12006700039
  },
  "analysisMs": 29230.526955999434,
  "meta": {
    "amountOfQueries": 36,
    "CVE": "CVE-2019-10090",
    "linesOfCode": {
      "files": 101,
      "blank": 6233,
      "comment": 7533,
      "code": 19535
    }
  }
}