{
  "preprocessing": {
    "compileMs": 5312.237978994846,
    "dbCreateMs": 132477.78782000393
  },
  "analysisMs": 56442.72414699942,
  "meta": {
    "amountOfQueries": 15,
    "CVE": "CVE-2017-18214",
    "linesOfCode": {
      "files": 560,
      "blank": 17156,
      "comment": 5107,
      "code": 143626
    }
  }
}