{
  "preprocessing": {
    "compileMs": 5250.005040995777,
    "dbCreateMs": 7958.097256995738
  },
  "analysisMs": 16718.77893000096,
  "meta": {
    "amountOfQueries": 12,
    "CVE": "CVE-2019-20149",
    "linesOfCode": {
      "files": 37,
      "blank": 121,
      "comment": 46,
      "code": 900
    }
  }
}