{
  "preprocessing": {
    "compileMs": 3125.462502002716,
    "dbCreateMs": 8462.976659998298
  },
  "analysisMs": 14142.394731000066,
  "meta": {
    "amountOfQueries": 5,
    "CVE": "CVE-2018-21036",
    "linesOfCode": {
      "files": 52,
      "blank": 1281,
      "comment": 1241,
      "code": 3857
    }
  }
}