{
  "preprocessing": {
    "compileMs": 2451.389022998512,
    "dbCreateMs": 7599.624481998384
  },
  "analysisMs": 12992.789555996656,
  "meta": {
    "amountOfQueries": 7,
    "CVE": "CVE-2018-3718",
    "linesOfCode": {
      "files": 12,
      "blank": 141,
      "comment": 72,
      "code": 639
    }
  }
}