{
  "preprocessing": {
    "compileMs": 7025.961780004203,
    "dbCreateMs": 29300.927157998085
  },
  "analysisMs": 47795.94087000191,
  "meta": {
    "amountOfQueries": 17,
    "CVE": "CVE-2018-6341",
    "linesOfCode": {
      "files": 687,
      "blank": 13766,
      "comment": 12907,
      "code": 111942
    }
  }
}