{
  "preprocessing": {
    "compileMs": 9278.661107999971,
    "dbCreateMs": 23810.350879000034
  },
  "analysisMs": 40929.42118400009,
  "meta": {
    "amountOfQueries": 36,
    "CVE": "CVE-2016-1000229",
    "linesOfCode": {
      "files": 74,
      "blank": 5549,
      "comment": 6386,
      "code": 29724
    }
  }
}