{
  "preprocessing": {
    "compileMs": 9004.52699500043,
    "dbCreateMs": 15125.11006599944
  },
  "analysisMs": 35439.335799000226,
  "meta": {
    "amountOfQueries": 36,
    "CVE": "CVE-2017-16043",
    "linesOfCode": {
      "files": 82,
      "blank": 4776,
      "comment": 5181,
      "code": 22542
    }
  }
}