{
  "preprocessing": {
    "compileMs": 8541.599500000477,
    "dbCreateMs": 25629.781195998192
  },
  "analysisMs": 40566.08219400048,
  "meta": {
    "amountOfQueries": 36,
    "CVE": "CVE-2018-20677",
    "linesOfCode": {
      "files": 60,
      "blank": 4717,
      "comment": 2899,
      "code": 32267
    }
  }
}