{
  "preprocessing": {
    "compileMs": 4104.343714006245,
    "dbCreateMs": 7319.552698999643
  },
  "analysisMs": 15509.73809299618,
  "meta": {
    "amountOfQueries": 12,
    "CVE": "CVE-2018-13797",
    "linesOfCode": {
      "files": 7,
      "blank": 28,
      "comment": 2,
      "code": 233
    }
  }
}