{
  "preprocessing": {
    "compileMs": 4251.154235996306,
    "dbCreateMs": 7559.917245998979
  },
  "analysisMs": 14974.45040500164,
  "meta": {
    "amountOfQueries": 12,
    "CVE": "CVE-2018-3757",
    "linesOfCode": {
      "files": 3,
      "blank": 38,
      "comment": 9,
      "code": 410
    }
  }
}