{
  "preprocessing": {
    "compileMs": 8861.829149998724,
    "dbCreateMs": 7891.980892002583
  },
  "analysisMs": 23299.501713998616,
  "meta": {
    "amountOfQueries": 36,
    "CVE": "CVE-2017-18352",
    "linesOfCode": {
      "files": 13,
      "blank": 164,
      "comment": 253,
      "code": 6497
    }
  }
}