{
  "preprocessing": {
    "compileMs": 10890.300533004105,
    "dbCreateMs": 334807.1371759996
  },
  "analysisMs": 224194.61729099602,
  "meta": {
    "amountOfQueries": 48,
    "CVE": "CVE-2017-1000006",
    "linesOfCode": {
      "files": 1142,
      "blank": 35291,
      "comment": 46894,
      "code": 470878
    }
  }
}