{
  "preprocessing": {
    "compileMs": 1625.097573004663,
    "dbCreateMs": 8495.221149995923
  },
  "analysisMs": 11107.186677001417,
  "meta": {
    "amountOfQueries": 1,
    "CVE": "CVE-2020-15135",
    "linesOfCode": {
      "files": 21,
      "blank": 201,
      "comment": 116,
      "code": 3187
    }
  }
}