{
  "preprocessing": {
    "compileMs": 2287.039443999529,
    "dbCreateMs": 7650.725993998349
  },
  "analysisMs": 12353.034102998674,
  "meta": {
    "amountOfQueries": 2,
    "CVE": "CVE-2020-12265",
    "linesOfCode": {
      "files": 3,
      "blank": 36,
      "comment": 0,
      "code": 214
    }
  }
}