{
  "preprocessing": {
    "compileMs": 8625.6268620044,
    "dbCreateMs": 25399.510600998998
  },
  "analysisMs": 40289.71929900348,
  "meta": {
    "amountOfQueries": 36,
    "CVE": "CVE-2018-14042",
    "linesOfCode": {
      "files": 60,
      "blank": 4726,
      "comment": 2899,
      "code": 32303
    }
  }
}