{
  "preprocessing": {
    "compileMs": 1743.309946000576,
    "dbCreateMs": 26157.92115200311
  },
  "analysisMs": 32698.044132001698,
  "meta": {
    "amountOfQueries": 1,
    "CVE": "CVE-2020-5251",
    "linesOfCode": {
      "files": 309,
      "blank": 8251,
      "comment": 4967,
      "code": 112073
    }
  }
}