{
  "preprocessing": {
    "compileMs": 5443.654605999589,
    "dbCreateMs": 7771.33247499913
  },
  "analysisMs": 17163.28444799781,
  "meta": {
    "amountOfQueries": 15,
    "CVE": "CVE-2020-7662",
    "linesOfCode": {
      "files": 11,
      "blank": 253,
      "comment": 0,
      "code": 956
    }
  }
}