{
  "preprocessing": {
    "compileMs": 2522.5965220034122,
    "dbCreateMs": 7521.243212006986
  },
  "analysisMs": 12797.664734005928,
  "meta": {
    "amountOfQueries": 7,
    "CVE": "CVE-2018-16485",
    "linesOfCode": {
      "files": 6,
      "blank": 13,
      "comment": 0,
      "code": 471
    }
  }
}