{
  "preprocessing": {
    "compileMs": 1681.555521003902,
    "dbCreateMs": 7652.184742003679
  },
  "analysisMs": 11641.881560996175,
  "meta": {
    "amountOfQueries": 1,
    "CVE": "CVE-2020-7660",
    "linesOfCode": {
      "files": 5,
      "blank": 131,
      "comment": 36,
      "code": 2641
    }
  }
}