{
  "preprocessing": {
    "compileMs": 1936.9581689983606,
    "dbCreateMs": 12969.773492991924
  },
  "analysisMs": 12750.927256003022,
  "meta": {
    "amountOfQueries": 2,
    "CVE": "CVE-2022-0006",
    "linesOfCode": {
      "files": 36,
      "blank": 62,
      "comment": 41,
      "code": 956
    }
  }
}