{
  "preprocessing": {
    "compileMs": 4212.207523003221,
    "dbCreateMs": 8390.367229998112
  },
  "analysisMs": 15850.529532000422,
  "meta": {
    "amountOfQueries": 12,
    "CVE": "CVE-2019-10061",
    "linesOfCode": {
      "files": 39,
      "blank": 736,
      "comment": 286,
      "code": 2300
    }
  }
}