{
  "preprocessing": {
    "compileMs": 1724.6823500022292,
    "dbCreateMs": 11849.035029999912
  },
  "analysisMs": 15889.328267998993,
  "meta": {
    "amountOfQueries": 1,
    "CVE": "CVE-2018-3783",
    "linesOfCode": {
      "files": 294,
      "blank": 2034,
      "comment": 707,
      "code": 34860
    }
  }
}