{
  "preprocessing": {
    "compileMs": 5311.324983000755,
    "dbCreateMs": 30548.053070001304
  },
  "analysisMs": 42862.60714299977,
  "meta": {
    "amountOfQueries": 15,
    "CVE": "CVE-2019-1010266",
    "linesOfCode": {
      "files": 55,
      "blank": 18101,
      "comment": 30635,
      "code": 70550
    }
  }
}