{
  "preprocessing": {
    "compileMs": 8589.031063005328,
    "dbCreateMs": 24640.16940999776
  },
  "analysisMs": 38519.72619999945,
  "meta": {
    "amountOfQueries": 36,
    "CVE": "CVE-2018-14380",
    "linesOfCode": {
      "files": 281,
      "blank": 2803,
      "comment": 938,
      "code": 30912
    }
  }
}