{
  "preprocessing": {
    "compileMs": 9417.262763001025,
    "dbCreateMs": 24266.328639000654
  },
  "analysisMs": 43300.15896400064,
  "meta": {
    "amountOfQueries": 38,
    "CVE": "CVE-2018-1000086",
    "linesOfCode": {
      "files": 33,
      "blank": 2375,
      "comment": 3718,
      "code": 10886
    }
  }
}