{
  "preprocessing": {
    "compileMs": 5399.600161001086,
    "dbCreateMs": 25229.55888299644
  },
  "analysisMs": 30804.15212199837,
  "meta": {
    "amountOfQueries": 15,
    "CVE": "CVE-2018-3738",
    "linesOfCode": {
      "files": 241,
      "blank": 6704,
      "comment": 22018,
      "code": 43696
    }
  }
}