{
  "preprocessing": {
    "compileMs": 4434.695188999176,
    "dbCreateMs": 7527.5401119962335
  },
  "analysisMs": 15774.578364998102,
  "meta": {
    "amountOfQueries": 9,
    "CVE": "CVE-2018-3770",
    "linesOfCode": {
      "files": 11,
      "blank": 93,
      "comment": 47,
      "code": 3347
    }
  }
}