{
  "preprocessing": {
    "compileMs": 8781.336755000055,
    "dbCreateMs": 9237.67836599797
  },
  "analysisMs": 22322.079406000674,
  "meta": {
    "amountOfQueries": 36,
    "CVE": "CVE-2019-12313",
    "linesOfCode": {
      "files": 14,
      "blank": 83,
      "comment": 48,
      "code": 530
    }
  }
}