{
  "preprocessing": {
    "compileMs": 8695.26241800189,
    "dbCreateMs": 14147.718896999955
  },
  "analysisMs": 31478.737546995282,
  "meta": {
    "amountOfQueries": 36,
    "CVE": "CVE-2020-15119",
    "linesOfCode": {
      "files": 174,
      "blank": 2322,
      "comment": 759,
      "code": 19264
    }
  }
}