{
  "preprocessing": {
    "compileMs": 5405.5372759997845,
    "dbCreateMs": 25307.622307002544
  },
  "analysisMs": 30894.23435600102,
  "meta": {
    "amountOfQueries": 15,
    "CVE": "CVE-2018-3738",
    "linesOfCode": {
      "files": 241,
      "blank": 6704,
      "comment": 22018,
      "code": 43696
    }
  }
}