{
  "preprocessing": {
    "compileMs": 9573.620663000038,
    "dbCreateMs": 7413.277801999822
  },
  "analysisMs": 23018.561848999932,
  "meta": {
    "amountOfQueries": 36,
    "CVE": "CVE-2017-0931",
    "linesOfCode": {
      "files": 4,
      "blank": 83,
      "comment": 23,
      "code": 5820
    }
  }
}