{
  "preprocessing": {
    "compileMs": 8340.946649998426,
    "dbCreateMs": 8144.9339729994535
  },
  "analysisMs": 22564.157630994916,
  "meta": {
    "amountOfQueries": 30,
    "CVE": "CVE-2018-3728",
    "linesOfCode": {
      "files": 8,
      "blank": 1015,
      "comment": 44,
      "code": 2642
    }
  }
}