{
  "preprocessing": {
    "compileMs": 8971.786770999432,
    "dbCreateMs": 16480.956801004708
  },
  "analysisMs": 38015.293260999024,
  "meta": {
    "amountOfQueries": 38,
    "CVE": "CVE-2020-14000",
    "linesOfCode": {
      "files": 221,
      "blank": 5333,
      "comment": 11536,
      "code": 49206
    }
  }
}