{
  "preprocessing": {
    "compileMs": 9413.553059004247,
    "dbCreateMs": 14565.395476996899
  },
  "analysisMs": 33771.2044569999,
  "meta": {
    "amountOfQueries": 31,
    "CVE": "CVE-2020-7656",
    "linesOfCode": {
      "files": 59,
      "blank": 5923,
      "comment": 3079,
      "code": 23887
    }
  }
}