{
  "preprocessing": {
    "compileMs": 9375.020116999745,
    "dbCreateMs": 30646.553505003452
  },
  "analysisMs": 52302.525054998696,
  "meta": {
    "amountOfQueries": 28,
    "CVE": "CVE-2019-10744",
    "linesOfCode": {
      "files": 56,
      "blank": 18138,
      "comment": 30629,
      "code": 76352
    }
  }
}