{
  "preprocessing": {
    "compileMs": 2658.0530810058117,
    "dbCreateMs": 26758.66322900355
  },
  "analysisMs": 30007.474877998233,
  "meta": {
    "amountOfQueries": 3,
    "CVE": "CVE-2020-8205",
    "linesOfCode": {
      "files": 552,
      "blank": 4807,
      "comment": 3552,
      "code": 88821
    }
  }
}