{
  "preprocessing": {
    "compileMs": 8324.344168998301,
    "dbCreateMs": 9399.440531998873
  },
  "analysisMs": 21481.091328002512,
  "meta": {
    "amountOfQueries": 30,
    "CVE": "CVE-2020-7638",
    "linesOfCode": {
      "files": 16,
      "blank": 59,
      "comment": 17,
      "code": 1638
    }
  }
}