{
  "preprocessing": {
    "compileMs": 4806.981059998274,
    "dbCreateMs": 11150.885568000376
  },
  "analysisMs": 18806.895743004978,
  "meta": {
    "amountOfQueries": 10,
    "CVE": "CVE-2021-23364",
    "linesOfCode": {
      "files": 69,
      "blank": 626,
      "comment": 136,
      "code": 5287
    }
  }
}