{
  "analysis": {
    "avgMs": 1490.6780489601194,
    "runsMs": [
      1498.7758679986,
      1511.8461509998888,
      1471.6663760002702,
      1522.4399129990488,
      1510.2444080002606,
      1509.840502999723,
      1482.9818200003356,
      1473.8820630013943,
      1479.3738759998232,
      1511.3964520003647,
      1489.1150040011853,
      1488.589041000232,
      1480.2284920010716,
      1480.2180740013719,
      1479.1509279999882,
      1506.5544859990478,
      1471.544932000339,
      1502.41269900091,
      1479.481951000169,
      1484.9775590002537,
      1476.4266619998962,
      1490.6976119987667,
      1476.495403001085,
      1505.8168659992516,
      1482.7940849997103
    ],
    "coldMs": 1723.2225860003382
  },
  "meta": {
    "CVE": "CVE-2021-23364",
    "ruleCount": 35,
    "linesOfCode": {
      "files": 69,
      "blank": 626,
      "comment": 136,
      "code": 5287
    }
  }
}