{
  "analysis": {
    "avgMs": 1980.0893965601176,
    "runsMs": [
      1961.4836690006778,
      1977.3007720001042,
      1978.645524000749,
      1981.460528000258,
      1991.6120210001245,
      1983.9439489999786,
      1987.3259760001674,
      1984.7243780000135,
      1973.5932740001008,
      1971.1518660001457,
      1960.1512959999964,
      1961.6687869997695,
      1989.510824999772,
      1979.2403290001675,
      1988.9309600004926,
      1973.7363959997892,
      1951.4903640002012,
      1972.2125589996576,
      1965.8743690000847,
      2007.7123179994524,
      1985.0029579997063,
      1982.754728000611,
      2048.8264979999512,
      1960.2696050005034,
      1983.6109650004655
    ],
    "coldMs": 3062.881500000134
  },
  "meta": {
    "CVE": "CVE-2021-23364",
    "ruleCount": 11,
    "linesOfCode": {
      "files": 69,
      "blank": 626,
      "comment": 136,
      "code": 5287
    }
  }
}