{
  "analysis": {
    "avgMs": 33011.706612080336,
    "runsMs": [
      32691.04636900127,
      32776.64354199916,
      32676.793022997677,
      32790.17036499828,
      32781.30788000673,
      32725.59870700538,
      32900.97422000021,
      32869.294344998896,
      33584.38081199676,
      33264.85843999684,
      32774.7623789981,
      32820.63123600185,
      33052.81713800132,
      33088.78320199996,
      32924.85555399954,
      33022.54133300483,
      32904.64807099849,
      33412.3228880018,
      33295.87307099998,
      33008.85104300082,
      33062.28282300383,
      33165.48017799854,
      33216.465544998646,
      33360.41164499521,
      33120.87149300426
    ],
    "coldMs": 32665.458118997514
  },
  "meta": {
    "CVE": "CVE-2021-23364",
    "linesOfCode": {
      "files": 69,
      "blank": 626,
      "comment": 136,
      "code": 5287
    }
  }
}