{
  "preprocessing": {
    "compileMs": 2554.6035450026393,
    "dbCreateMs": 7444.081987001002
  },
  "analysisMs": 12270.115462005138,
  "meta": {
    "amountOfQueries": 7,
    "CVE": "CVE-2018-3725",
    "linesOfCode": {
      "files": 3,
      "blank": 38,
      "comment": 35,
      "code": 632
    }
  }
}