{
  "preprocessing": {
    "compileMs": 7375.362929999828,
    "dbCreateMs": 18832.772031001747
  },
  "analysisMs": 30124.239476002753,
  "meta": {
    "amountOfQueries": 19,
    "CVE": "CVE-2019-10757",
    "linesOfCode": {
      "files": 199,
      "blank": 4632,
      "comment": 2035,
      "code": 45159
    }
  }
}