{
  "preprocessing": {
    "compileMs": 1663.0175120010972,
    "dbCreateMs": 11906.179922007024
  },
  "analysisMs": 12275.74170999974,
  "meta": {
    "amountOfQueries": 2,
    "CVE": "CVE-2022-0004",
    "linesOfCode": {
      "files": 32,
      "blank": 59,
      "comment": 41,
      "code": 910
    }
  }
}