{
  "preprocessing": {
    "compileMs": 4408.7254390046,
    "dbCreateMs": 7494.350978001952
  },
  "analysisMs": 15638.689296007156,
  "meta": {
    "amountOfQueries": 12,
    "CVE": "CVE-2020-11079",
    "linesOfCode": {
      "files": 7,
      "blank": 24,
      "comment": 6,
      "code": 169
    }
  }
}