{
  "preprocessing": {
    "compileMs": 8457.6006610021,
    "dbCreateMs": 8091.059142999351
  },
  "analysisMs": 22010.229316994548,
  "meta": {
    "amountOfQueries": 30,
    "CVE": "CVE-2020-15256",
    "linesOfCode": {
      "files": 7,
      "blank": 218,
      "comment": 23,
      "code": 3952
    }
  }
}