{
  "preprocessing": {
    "compileMs": 9078.410800002515,
    "dbCreateMs": 13899.612979002297
  },
  "analysisMs": 32807.44928699732,
  "meta": {
    "amountOfQueries": 36,
    "CVE": "CVE-2019-14862",
    "linesOfCode": {
      "files": 132,
      "blank": 4035,
      "comment": 3072,
      "code": 19817
    }
  }
}