{
  "preprocessing": {
    "compileMs": 5271.4007529988885,
    "dbCreateMs": 7312.743919998407
  },
  "analysisMs": 16657.66346399486,
  "meta": {
    "amountOfQueries": 15,
    "CVE": "CVE-2018-7560",
    "linesOfCode": {
      "files": 2,
      "blank": 1,
      "comment": 0,
      "code": 84
    }
  }
}