{
  "preprocessing": {
    "compileMs": 2079.0543830022216,
    "dbCreateMs": 7572.755640998483
  },
  "analysisMs": 12029.385702997446,
  "meta": {
    "amountOfQueries": 2,
    "CVE": "CVE-2018-3736",
    "linesOfCode": {
      "files": 3,
      "blank": 84,
      "comment": 60,
      "code": 424
    }
  }
}