{
  "preprocessing": {
    "compileMs": 2521.0494780018926,
    "dbCreateMs": 9375.84703900665
  },
  "analysisMs": 13056.575119003654,
  "meta": {
    "amountOfQueries": 3,
    "CVE": "CVE-2020-11021",
    "linesOfCode": {
      "files": 14,
      "blank": 225,
      "comment": 87,
      "code": 6334
    }
  }
}