{
  "preprocessing": {
    "compileMs": 5055.754853993654,
    "dbCreateMs": 8281.648636996746
  },
  "analysisMs": 16913.635001003742,
  "meta": {
    "amountOfQueries": 12,
    "CVE": "CVE-2017-1000427",
    "linesOfCode": {
      "files": 10,
      "blank": 315,
      "comment": 227,
      "code": 1475
    }
  }
}