{
  "preprocessing": {
    "compileMs": 1558.3640019968152,
    "dbCreateMs": 7903.214888997376
  },
  "analysisMs": 10137.830632001162,
  "meta": {
    "amountOfQueries": 1,
    "CVE": "CVE-2020-15156",
    "linesOfCode": {
      "files": 7,
      "blank": 233,
      "comment": 9,
      "code": 1158
    }
  }
}