{
  "preprocessing": {
    "compileMs": 2324.645873002708,
    "dbCreateMs": 7734.4857119992375
  },
  "analysisMs": 13165.327596999705,
  "meta": {
    "amountOfQueries": 3,
    "CVE": "CVE-2017-18355",
    "linesOfCode": {
      "files": 13,
      "blank": 157,
      "comment": 253,
      "code": 6488
    }
  }
}