{
  "preprocessing": {
    "compileMs": 8354.033867001534,
    "dbCreateMs": 7976.4717999994755
  },
  "analysisMs": 22722.91522400081,
  "meta": {
    "amountOfQueries": 30,
    "CVE": "CVE-2020-7699",
    "linesOfCode": {
      "files": 22,
      "blank": 340,
      "comment": 237,
      "code": 5033
    }
  }
}