{
  "preprocessing": {
    "compileMs": 3164.1454700008035,
    "dbCreateMs": 9587.784170001745
  },
  "analysisMs": 16174.494468003511,
  "meta": {
    "amountOfQueries": 5,
    "CVE": "CVE-2019-10742",
    "linesOfCode": {
      "files": 84,
      "blank": 1215,
      "comment": 1097,
      "code": 5810
    }
  }
}