{
  "preprocessing": {
    "compileMs": 8824.43707600236,
    "dbCreateMs": 119050.04301200062
  },
  "analysisMs": 117638.70087800175,
  "meta": {
    "amountOfQueries": 36,
    "CVE": "CVE-2019-13127",
    "linesOfCode": {
      "files": 173,
      "blank": 28479,
      "comment": 77379,
      "code": 128787
    }
  }
}