{
  "preprocessing": {
    "compileMs": 8548.218314997852,
    "dbCreateMs": 8035.028386995196
  },
  "analysisMs": 22356.559737995267,
  "meta": {
    "amountOfQueries": 30,
    "CVE": "CVE-2020-7699",
    "linesOfCode": {
      "files": 22,
      "blank": 346,
      "comment": 239,
      "code": 5040
    }
  }
}