{
  "preprocessing": {
    "compileMs": 4417.218331001699,
    "dbCreateMs": 8453.318987995386
  },
  "analysisMs": 16797.09263200313,
  "meta": {
    "amountOfQueries": 12,
    "CVE": "CVE-2020-15123",
    "linesOfCode": {
      "files": 50,
      "blank": 164,
      "comment": 61,
      "code": 8400
    }
  }
}