{
  "preprocessing": {
    "compileMs": 8314.292742997408,
    "dbCreateMs": 30386.071786999702
  },
  "analysisMs": 47839.99052999914,
  "meta": {
    "amountOfQueries": 30,
    "CVE": "CVE-2018-3721",
    "linesOfCode": {
      "files": 55,
      "blank": 18063,
      "comment": 30719,
      "code": 70432
    }
  }
}