{
  "preprocessing": {
    "compileMs": 8651.158640995622,
    "dbCreateMs": 13135.158743999898
  },
  "analysisMs": 32107.318343997,
  "meta": {
    "amountOfQueries": 36,
    "CVE": "CVE-2019-10771",
    "linesOfCode": {
      "files": 32,
      "blank": 1800,
      "comment": 2574,
      "code": 12674
    }
  }
}