{
  "preprocessing": {
    "compileMs": 5463.312433004379,
    "dbCreateMs": 16037.567745998502
  },
  "analysisMs": 18243.574898004532,
  "meta": {
    "amountOfQueries": 15,
    "CVE": "CVE-2018-20164",
    "linesOfCode": {
      "files": 4,
      "blank": 12,
      "comment": 3,
      "code": 140
    }
  }
}