{
  "preprocessing": {
    "compileMs": 2644.9051299998537,
    "dbCreateMs": 7331.0958730001
  },
  "analysisMs": 12640.418713999912,
  "meta": {
    "amountOfQueries": 7,
    "CVE": "CVE-2017-16084",
    "linesOfCode": {
      "files": 2,
      "blank": 21,
      "comment": 1,
      "code": 116
    }
  }
}