{
  "preprocessing": {
    "compileMs": 5407.676260001957,
    "dbCreateMs": 7392.422224000096
  },
  "analysisMs": 17060.379465006292,
  "meta": {
    "amountOfQueries": 15,
    "CVE": "CVE-2017-16117",
    "linesOfCode": {
      "files": 5,
      "blank": 14,
      "comment": 18,
      "code": 257
    }
  }
}