{
  "preprocessing": {
    "compileMs": 8297.463319003582,
    "dbCreateMs": 7659.902987994254
  },
  "analysisMs": 19956.393392004073,
  "meta": {
    "amountOfQueries": 30,
    "CVE": "CVE-2019-10750",
    "linesOfCode": {
      "files": 19,
      "blank": 93,
      "comment": 252,
      "code": 537
    }
  }
}