{
  "preprocessing": {
    "compileMs": 2654.908344000578,
    "dbCreateMs": 9519.684032000601
  },
  "analysisMs": 15071.300382003188,
  "meta": {
    "amountOfQueries": 3,
    "CVE": "CVE-2020-15152",
    "linesOfCode": {
      "files": 108,
      "blank": 751,
      "comment": 26,
      "code": 15547
    }
  }
}