{
  "preprocessing": {
    "compileMs": 8598.730080001056,
    "dbCreateMs": 24957.578764997423
  },
  "analysisMs": 43323.42967200279,
  "meta": {
    "amountOfQueries": 36,
    "CVE": "CVE-2018-8035",
    "linesOfCode": {
      "files": 49,
      "blank": 8284,
      "comment": 14916,
      "code": 38298
    }
  }
}