{
  "preprocessing": {
    "compileMs": 8971.099224999547,
    "dbCreateMs": 18408.226323999465
  },
  "analysisMs": 33437.56669600308,
  "meta": {
    "amountOfQueries": 36,
    "CVE": "CVE-2019-15479",
    "linesOfCode": {
      "files": 176,
      "blank": 4043,
      "comment": 3573,
      "code": 29257
    }
  }
}