{
  "preprocessing": {
    "compileMs": 1924.7176209995523,
    "dbCreateMs": 11496.786820000038
  },
  "analysisMs": 17743.914188999683,
  "meta": {
    "amountOfQueries": 1,
    "CVE": "CVE-2017-16031",
    "linesOfCode": {
      "files": 63,
      "blank": 2871,
      "comment": 2223,
      "code": 11904
    }
  }
}