{
  "preprocessing": {
    "compileMs": 5462.642501999624,
    "dbCreateMs": 7249.7768530002795
  },
  "analysisMs": 16343.135005000047,
  "meta": {
    "amountOfQueries": 15,
    "CVE": "CVE-2017-16023",
    "linesOfCode": {
      "files": 3,
      "blank": 5,
      "comment": 0,
      "code": 65
    }
  }
}