{
  "preprocessing": {
    "compileMs": 4452.502880997956,
    "dbCreateMs": 22795.849048003554
  },
  "analysisMs": 36874.62543399632,
  "meta": {
    "amountOfQueries": 9,
    "CVE": "CVE-2021-23344",
    "linesOfCode": {
      "files": 58,
      "blank": 10781,
      "comment": 4033,
      "code": 44440
    }
  }
}