{
  "preprocessing": {
    "compileMs": 9285.695758000016,
    "dbCreateMs": 30564.819822996855
  },
  "analysisMs": 51731.59659899771,
  "meta": {
    "amountOfQueries": 28,
    "CVE": "CVE-2019-10744",
    "linesOfCode": {
      "files": 56,
      "blank": 18138,
      "comment": 30634,
      "code": 76352
    }
  }
}