{
  "preprocessing": {
    "compileMs": 2658.769933000207,
    "dbCreateMs": 52888.74072699994
  },
  "analysisMs": 43018.63894599676,
  "meta": {
    "amountOfQueries": 7,
    "CVE": "CVE-2019-10765",
    "linesOfCode": {
      "files": 129,
      "blank": 5725,
      "comment": 8594,
      "code": 52366
    }
  }
}