{
  "preprocessing": {
    "compileMs": 4171.3151200041175,
    "dbCreateMs": 7869.879482001066
  },
  "analysisMs": 15420.194622002542,
  "meta": {
    "amountOfQueries": 12,
    "CVE": "CVE-2017-1000219",
    "linesOfCode": {
      "files": 3,
      "blank": 50,
      "comment": 174,
      "code": 269
    }
  }
}