{
  "preprocessing": {
    "compileMs": 4251.334059000015,
    "dbCreateMs": 10435.496426001191
  },
  "analysisMs": 15980.803649999201,
  "meta": {
    "amountOfQueries": 12,
    "CVE": "CVE-2018-3786",
    "linesOfCode": {
      "files": 38,
      "blank": 281,
      "comment": 87,
      "code": 1440
    }
  }
}