{
  "preprocessing": {
    "compileMs": 9170.06336800009,
    "dbCreateMs": 7750.013095006347
  },
  "analysisMs": 21822.598113000393,
  "meta": {
    "amountOfQueries": 36,
    "CVE": "CVE-2019-15482",
    "linesOfCode": {
      "files": 2,
      "blank": 12,
      "comment": 4,
      "code": 151
    }
  }
}