{
  "preprocessing": {
    "compileMs": 9040.197275005281,
    "dbCreateMs": 13540.399806000292
  },
  "analysisMs": 31005.44001300633,
  "meta": {
    "amountOfQueries": 36,
    "CVE": "CVE-2019-14772",
    "linesOfCode": {
      "files": 318,
      "blank": 15247,
      "comment": 13499,
      "code": 98625
    }
  }
}