{
  "preprocessing": {
    "compileMs": 9279.772050999105,
    "dbCreateMs": 24738.665081992745
  },
  "analysisMs": 45052.18822200596,
  "meta": {
    "amountOfQueries": 38,
    "CVE": "CVE-2018-1000086",
    "linesOfCode": {
      "files": 33,
      "blank": 2369,
      "comment": 3716,
      "code": 10874
    }
  }
}