{
  "preprocessing": {
    "compileMs": 5755.825824998319,
    "dbCreateMs": 15879.91214799881
  },
  "analysisMs": 25328.90766300261,
  "meta": {
    "amountOfQueries": 15,
    "CVE": "CVE-2018-13863",
    "linesOfCode": {
      "files": 84,
      "blank": 3241,
      "comment": 7941,
      "code": 31310
    }
  }
}