{
  "preprocessing": {
    "compileMs": 8306.852761998773,
    "dbCreateMs": 8017.282173998654
  },
  "analysisMs": 21025.742472998798,
  "meta": {
    "amountOfQueries": 30,
    "CVE": "CVE-2020-8116",
    "linesOfCode": {
      "files": 6,
      "blank": 121,
      "comment": 67,
      "code": 465
    }
  }
}