{
  "preprocessing": {
    "compileMs": 8425.345469996333,
    "dbCreateMs": 16025.083759002388
  },
  "analysisMs": 34711.59362500161,
  "meta": {
    "amountOfQueries": 30,
    "CVE": "CVE-2020-7720",
    "linesOfCode": {
      "files": 107,
      "blank": 4238,
      "comment": 12525,
      "code": 32809
    }
  }
}