{
  "preprocessing": {
    "compileMs": 1590.1108729988337,
    "dbCreateMs": 7858.389389999211
  },
  "analysisMs": 10052.304522000253,
  "meta": {
    "amountOfQueries": 1,
    "CVE": "CVE-2020-15156",
    "linesOfCode": {
      "files": 7,
      "blank": 233,
      "comment": 9,
      "code": 1158
    }
  }
}