{
  "preprocessing": {
    "compileMs": 2464.2201049998403,
    "dbCreateMs": 7598.5333930030465
  },
  "analysisMs": 12622.436177000403,
  "meta": {
    "amountOfQueries": 7,
    "CVE": "CVE-2018-3712",
    "linesOfCode": {
      "files": 11,
      "blank": 133,
      "comment": 62,
      "code": 596
    }
  }
}