{
  "preprocessing": {
    "compileMs": 4988.72291200608,
    "dbCreateMs": 8333.727547004819
  },
  "analysisMs": 16877.218212001026,
  "meta": {
    "amountOfQueries": 12,
    "CVE": "CVE-2017-1000427",
    "linesOfCode": {
      "files": 10,
      "blank": 315,
      "comment": 227,
      "code": 1475
    }
  }
}