{
  "preprocessing": {
    "compileMs": 2190.6876050010324,
    "dbCreateMs": 26525.244952999055
  },
  "analysisMs": 29048.112916000187,
  "meta": {
    "amountOfQueries": 2,
    "CVE": "CVE-2020-8135",
    "linesOfCode": {
      "files": 548,
      "blank": 4557,
      "comment": 3269,
      "code": 98470
    }
  }
}