{
  "preprocessing": {
    "compileMs": 8475.772698000073,
    "dbCreateMs": 9216.670866005123
  },
  "analysisMs": 21031.25349699706,
  "meta": {
    "amountOfQueries": 30,
    "CVE": "CVE-2020-7638",
    "linesOfCode": {
      "files": 16,
      "blank": 69,
      "comment": 25,
      "code": 1744
    }
  }
}