{
  "preprocessing": {
    "compileMs": 5448.2992070019245,
    "dbCreateMs": 7463.534837000072
  },
  "analysisMs": 16659.280687004328,
  "meta": {
    "amountOfQueries": 15,
    "CVE": "CVE-2017-16138",
    "linesOfCode": {
      "files": 11,
      "blank": 64,
      "comment": 44,
      "code": 665
    }
  }
}