{
  "preprocessing": {
    "compileMs": 2107.6620189994574,
    "dbCreateMs": 7653.912429995835
  },
  "analysisMs": 13129.705340996385,
  "meta": {
    "amountOfQueries": 2,
    "CVE": "CVE-2017-16224",
    "linesOfCode": {
      "files": 27,
      "blank": 277,
      "comment": 76,
      "code": 1612
    }
  }
}