{
  "preprocessing": {
    "compileMs": 8901.45175100118,
    "dbCreateMs": 27625.686706006527
  },
  "analysisMs": 48103.69310500473,
  "meta": {
    "amountOfQueries": 36,
    "CVE": "CVE-2020-11022",
    "linesOfCode": {
      "files": 191,
      "blank": 12670,
      "comment": 8698,
      "code": 50343
    }
  }
}