{
  "preprocessing": {
    "compileMs": 2308.66805100441,
    "dbCreateMs": 13650.810027003288
  },
  "analysisMs": 19790.54252499342,
  "meta": {
    "amountOfQueries": 2,
    "CVE": "CVE-2019-5484",
    "linesOfCode": {
      "files": 196,
      "blank": 4554,
      "comment": 1884,
      "code": 26728
    }
  }
}