{
  "preprocessing": {
    "compileMs": 2613.035502001643,
    "dbCreateMs": 7758.368973001838
  },
  "analysisMs": 12219.142714999616,
  "meta": {
    "amountOfQueries": 7,
    "CVE": "CVE-2018-3713",
    "linesOfCode": {
      "files": 2,
      "blank": 22,
      "comment": 10,
      "code": 171
    }
  }
}