{
  "preprocessing": {
    "compileMs": 2011.7500770017505,
    "dbCreateMs": 7284.316393002868
  },
  "analysisMs": 11828.885368995368,
  "meta": {
    "amountOfQueries": 2,
    "CVE": "CVE-2018-1000620",
    "linesOfCode": {
      "files": 3,
      "blank": 49,
      "comment": 8,
      "code": 106
    }
  }
}