{
  "preprocessing": {
    "compileMs": 2167.5888700038195,
    "dbCreateMs": 7592.459822997451
  },
  "analysisMs": 11732.796569995582,
  "meta": {
    "amountOfQueries": 2,
    "CVE": "CVE-2018-3732",
    "linesOfCode": {
      "files": 3,
      "blank": 44,
      "comment": 31,
      "code": 234
    }
  }
}