{
  "preprocessing": {
    "compileMs": 1730.0404200032353,
    "dbCreateMs": 7577.015776000917
  },
  "analysisMs": 11858.025435000658,
  "meta": {
    "amountOfQueries": 2,
    "CVE": "CVE-2019-19507",
    "linesOfCode": {
      "files": 9,
      "blank": 65,
      "comment": 163,
      "code": 1451
    }
  }
}