{
  "preprocessing": {
    "compileMs": 2921.671742999926,
    "dbCreateMs": 8628.181224000175
  },
  "analysisMs": 14605.113390000071,
  "meta": {
    "amountOfQueries": 7,
    "CVE": "CVE-2017-16029",
    "linesOfCode": {
      "files": 11,
      "blank": 124,
      "comment": 122,
      "code": 671
    }
  }
}