{
  "analysis": {
    "avgMs": 952.5033726800233,
    "runsMs": [
      986.7430630000308,
      949.4157990003005,
      951.9766290001571,
      959.8930709995329,
      950.0913260001689,
      938.5696010002866,
      949.8694019997492,
      952.7333070002496,
      963.0533539997414,
      948.765890000388,
      947.2766150003299,
      949.7649659998715,
      947.6849499996752,
      955.9998330008239,
      938.7291369996965,
      955.2952519999817,
      956.6171119995415,
      949.5193370003253,
      946.627818999812,
      947.0684949997813,
      946.3778030006215,
      947.3381629996002,
      968.968244000338,
      966.4656239999458,
      937.7395249996334
    ],
    "coldMs": 1690.2422589994967
  },
  "meta": {
    "CVE": "CVE-2017-16029",
    "ruleCount": 11,
    "linesOfCode": {
      "files": 11,
      "blank": 124,
      "comment": 122,
      "code": 671
    }
  }
}