{
  "analysis": {
    "avgMs": 727.2386033201218,
    "runsMs": [
      729.1397569999099,
      721.2101189997047,
      742.0392129998654,
      716.1913129985332,
      723.1688609998673,
      743.9240010008216,
      715.8214209992439,
      727.297861000523,
      733.8574340008199,
      723.2924920003861,
      718.4155820012093,
      734.0592139996588,
      729.1664279997349,
      724.7452670000494,
      726.6799469999969,
      727.6509860008955,
      727.6909700017422,
      725.2210590001196,
      717.3893960006535,
      731.7016889993101,
      736.3671550005674,
      730.0489559993148,
      722.4789909999818,
      731.1462070010602,
      722.2607639990747
    ],
    "coldMs": 920.2587790004909
  },
  "meta": {
    "CVE": "CVE-2017-16029",
    "ruleCount": 35,
    "linesOfCode": {
      "files": 11,
      "blank": 124,
      "comment": 122,
      "code": 671
    }
  }
}