{
  "analysis": {
    "avgMs": 30504.359208719878,
    "runsMs": [
      30222.906849000603,
      33174.10047100112,
      30934.141936998814,
      30752.362151999027,
      30013.54783299938,
      29558.56436099857,
      30020.76851500012,
      29832.52046599984,
      30000.435135001317,
      29932.465925998986,
      30278.238056000322,
      31046.41735699959,
      30282.39496799931,
      31857.447584999725,
      31344.2960930001,
      31778.874200999737,
      30851.795657999814,
      29914.47271099873,
      29691.03559999913,
      29847.98802400008,
      30084.32821300067,
      29891.020500000566,
      29882.742514001206,
      29879.724387999624,
      31536.39070500061
    ],
    "coldMs": 30266.129986999556
  },
  "meta": {
    "CVE": "CVE-2017-16029",
    "linesOfCode": {
      "files": 11,
      "blank": 124,
      "comment": 122,
      "code": 671
    }
  }
}