{
  "preprocessing": {
    "compileMs": 5222.416849002242,
    "dbCreateMs": 30223.15479899943
  },
  "analysisMs": 43623.54466699809,
  "meta": {
    "amountOfQueries": 15,
    "CVE": "CVE-2019-1010266",
    "linesOfCode": {
      "files": 55,
      "blank": 18105,
      "comment": 30635,
      "code": 70562
    }
  }
}