{
  "preprocessing": {
    "compileMs": 8366.730097003281,
    "dbCreateMs": 7642.7576760053635
  },
  "analysisMs": 20653.690298996866,
  "meta": {
    "amountOfQueries": 30,
    "CVE": "CVE-2018-16491",
    "linesOfCode": {
      "files": 5,
      "blank": 134,
      "comment": 20,
      "code": 732
    }
  }
}