{
  "preprocessing": {
    "compileMs": 9629.986400000751,
    "dbCreateMs": 13417.373488999903
  },
  "analysisMs": 26293.92365500331,
  "meta": {
    "amountOfQueries": 38,
    "CVE": "CVE-2019-18350",
    "linesOfCode": {
      "files": 101,
      "blank": 626,
      "comment": 446,
      "code": 8654
    }
  }
}