{
  "preprocessing": {
    "compileMs": 2505.84883300215,
    "dbCreateMs": 7384.281571999192
  },
  "analysisMs": 12210.199982002378,
  "meta": {
    "amountOfQueries": 7,
    "CVE": "CVE-2018-3733",
    "linesOfCode": {
      "files": 2,
      "blank": 9,
      "comment": 23,
      "code": 267
    }
  }
}