{
  "preprocessing": {
    "compileMs": 8785.834180995822,
    "dbCreateMs": 13894.005092002451
  },
  "analysisMs": 30897.037372000515,
  "meta": {
    "amountOfQueries": 36,
    "CVE": "CVE-2019-10090",
    "linesOfCode": {
      "files": 98,
      "blank": 6138,
      "comment": 7352,
      "code": 19431
    }
  }
}