{
  "preprocessing": {
    "compileMs": 9778.60097900033,
    "dbCreateMs": 4809.733134001493
  },
  "analysisMs": 1543.198940999806,
  "meta": {
    "amountOfQueries": 31,
    "CVE": "CVE-2019-5423",
    "linesOfCode": {
      "files": 1,
      "blank": 0,
      "comment": 0,
      "code": 29
    }
  }
}