{
  "preprocessing": {
    "compileMs": 8628.360035002232,
    "dbCreateMs": 7780.389945998788
  },
  "analysisMs": 22797.879941001534,
  "meta": {
    "amountOfQueries": 36,
    "CVE": "CVE-2017-18352",
    "linesOfCode": {
      "files": 13,
      "blank": 157,
      "comment": 253,
      "code": 6488
    }
  }
}