{
  "preprocessing": {
    "compileMs": 9331.00033800304,
    "dbCreateMs": 9415.802417993546
  },
  "analysisMs": 26072.350079998374,
  "meta": {
    "amountOfQueries": 36,
    "CVE": "CVE-2019-15782",
    "linesOfCode": {
      "files": 42,
      "blank": 1234,
      "comment": 604,
      "code": 4728
    }
  }
}