{
  "preprocessing": {
    "compileMs": 8572.375512003899,
    "dbCreateMs": 25424.322422996163
  },
  "analysisMs": 40757.87743499875,
  "meta": {
    "amountOfQueries": 36,
    "CVE": "CVE-2018-14040",
    "linesOfCode": {
      "files": 60,
      "blank": 4717,
      "comment": 2899,
      "code": 32267
    }
  }
}