{
  "preprocessing": {
    "compileMs": 8428.812429003417,
    "dbCreateMs": 7676.909418001771
  },
  "analysisMs": 20759.94037400186,
  "meta": {
    "amountOfQueries": 30,
    "CVE": "CVE-2019-10750",
    "linesOfCode": {
      "files": 19,
      "blank": 85,
      "comment": 239,
      "code": 503
    }
  }
}