{
  "preprocessing": {
    "compileMs": 9170.608893997967,
    "dbCreateMs": 16263.367199003696
  },
  "analysisMs": 37801.10686200112,
  "meta": {
    "amountOfQueries": 38,
    "CVE": "CVE-2020-14000",
    "linesOfCode": {
      "files": 221,
      "blank": 5334,
      "comment": 11540,
      "code": 49208
    }
  }
}