{
  "preprocessing": {
    "compileMs": 2570.2823719978333,
    "dbCreateMs": 7324.619750998914
  },
  "analysisMs": 12321.042391002178,
  "meta": {
    "amountOfQueries": 7,
    "CVE": "CVE-2018-3733",
    "linesOfCode": {
      "files": 2,
      "blank": 9,
      "comment": 23,
      "code": 267
    }
  }
}