{
  "preprocessing": {
    "compileMs": 7737.800346001983,
    "dbCreateMs": 18809.73769699782
  },
  "analysisMs": 30118.466086998582,
  "meta": {
    "amountOfQueries": 19,
    "CVE": "CVE-2019-10757",
    "linesOfCode": {
      "files": 200,
      "blank": 4638,
      "comment": 2035,
      "code": 45220
    }
  }
}