{
  "preprocessing": {
    "compileMs": 2471.949528001249,
    "dbCreateMs": 4462.622365005314
  },
  "analysisMs": 1445.9436670020223,
  "meta": {
    "amountOfQueries": 7,
    "CVE": "CVE-2018-3731",
    "linesOfCode": {
      "files": 1,
      "blank": 0,
      "comment": 0,
      "code": 20
    }
  }
}