{
  "preprocessing": {
    "compileMs": 5467.131426997483,
    "dbCreateMs": 8291.844783000648
  },
  "analysisMs": 18413.105780996382,
  "meta": {
    "amountOfQueries": 15,
    "CVE": "CVE-2017-17461",
    "linesOfCode": {
      "files": 11,
      "blank": 316,
      "comment": 238,
      "code": 3696
    }
  }
}