{
  "preprocessing": {
    "compileMs": 3339.6901040002704,
    "dbCreateMs": 11292.319577999413
  },
  "analysisMs": 20997.68074899912,
  "meta": {
    "amountOfQueries": 10,
    "CVE": "CVE-2019-5483",
    "linesOfCode": {
      "files": 136,
      "blank": 2729,
      "comment": 1917,
      "code": 13509
    }
  }
}