{
  "preprocessing": {
    "compileMs": 7409.608515001833,
    "dbCreateMs": 7813.998914994299
  },
  "analysisMs": 20616.367611005902,
  "meta": {
    "amountOfQueries": 17,
    "CVE": "CVE-2019-16769",
    "linesOfCode": {
      "files": 5,
      "blank": 124,
      "comment": 36,
      "code": 2616
    }
  }
}