{
  "analysis": {
    "avgMs": 1128.0605738398433,
    "runsMs": [
      829.8876990005374,
      1198.996708996594,
      1078.8037119954824,
      890.3968460038304,
      981.9080030024052,
      892.3694939985871,
      1126.2428359985352,
      1429.2555069997907,
      1008.3110639974475,
      907.0984669998288,
      998.1180410012603,
      913.5390539988875,
      962.1434779986739,
      1175.331468001008,
      1582.6463719978929,
      1384.683188997209,
      1511.5109589993954,
      1311.0636650025845,
      1366.7087469995022,
      1051.3662669956684,
      1283.6449570059776,
      964.7677640020847,
      1155.9486320018768,
      977.9553760066628,
      1218.816039994359
    ],
    "coldMs": 1142.817570000887
  },
  "meta": {
    "CVE": "CVE-2019-16769",
    "ruleCount": 35,
    "linesOfCode": {
      "files": 5,
      "blank": 124,
      "comment": 36,
      "code": 2616
    }
  }
}