{
  "analysis": {
    "avgMs": 1236.7364637202024,
    "runsMs": [
      1775.883234001696,
      1512.46043600142,
      1273.8719400018454,
      1254.7831849977374,
      1202.5429320037365,
      1323.6106660068035,
      1709.4461040049791,
      1101.4373850002885,
      1091.3817149996758,
      1104.917769998312,
      1460.6246789991856,
      1219.159507997334,
      1147.9207540005445,
      1346.8626840040088,
      1180.4868339970708,
      1093.1086319983006,
      1074.329656995833,
      1065.7583599984646,
      1106.487563997507,
      1111.254974000156,
      1108.8255940005183,
      1198.3708769977093,
      1180.7469979971647,
      1146.17271900177,
      1127.9663920029998
    ],
    "coldMs": 2028.017880000174
  },
  "meta": {
    "CVE": "CVE-2019-16769",
    "ruleCount": 11,
    "linesOfCode": {
      "files": 5,
      "blank": 124,
      "comment": 36,
      "code": 2616
    }
  }
}