{
  "analysis": {
    "avgMs": 31093.127517160177,
    "runsMs": [
      30994.150384001434,
      30812.02256499976,
      31046.81131799519,
      30894.864373996854,
      30996.38748099655,
      30970.504955999553,
      31052.44688500464,
      31082.628825999796,
      31147.21228799969,
      31065.542617999017,
      31147.54428499937,
      31088.05888800323,
      30980.1665019989,
      31015.684332996607,
      31021.027216002345,
      31062.63675799966,
      31025.10500100255,
      31164.592952005565,
      31266.40890299529,
      31199.538919001818,
      31186.06208600104,
      31287.258707001805,
      31295.53547500074,
      31287.643391005695,
      31238.352817997336
    ],
    "coldMs": 32453.39005599916
  },
  "meta": {
    "CVE": "CVE-2019-16769",
    "linesOfCode": {
      "files": 5,
      "blank": 124,
      "comment": 36,
      "code": 2616
    }
  }
}