{
  "preprocessing": {
    "compileMs": 2187.6015780000016,
    "dbCreateMs": 9386.538088999689
  },
  "analysisMs": 15349.298109000083,
  "meta": {
    "amountOfQueries": 2,
    "CVE": "CVE-2017-16026",
    "linesOfCode": {
      "files": 71,
      "blank": 1374,
      "comment": 354,
      "code": 8991
    }
  }
}