{
  "preprocessing": {
    "compileMs": 9111.734826996922,
    "dbCreateMs": 7693.892238996923
  },
  "analysisMs": 21631.517757996917,
  "meta": {
    "amountOfQueries": 36,
    "CVE": "CVE-2019-15482",
    "linesOfCode": {
      "files": 2,
      "blank": 12,
      "comment": 4,
      "code": 152
    }
  }
}