{
  "preprocessing": {
    "compileMs": 7693.354449003935,
    "dbCreateMs": 7428.775343999267
  },
  "analysisMs": 19461.355539999902,
  "meta": {
    "amountOfQueries": 21,
    "CVE": "CVE-2017-16226",
    "linesOfCode": {
      "files": 7,
      "blank": 31,
      "comment": 0,
      "code": 291
    }
  }
}