{
  "preprocessing": {
    "compileMs": 2508.0648149996996,
    "dbCreateMs": 52812.458186000586
  },
  "analysisMs": 43490.0493620038,
  "meta": {
    "amountOfQueries": 7,
    "CVE": "CVE-2019-10765",
    "linesOfCode": {
      "files": 129,
      "blank": 5693,
      "comment": 8595,
      "code": 52314
    }
  }
}