{
  "preprocessing": {
    "compileMs": 5532.517752997577,
    "dbCreateMs": 8148.420468002558
  },
  "analysisMs": 18110.17577699572,
  "meta": {
    "amountOfQueries": 15,
    "CVE": "CVE-2017-17461",
    "linesOfCode": {
      "files": 11,
      "blank": 315,
      "comment": 227,
      "code": 3677
    }
  }
}