{
  "preprocessing": {
    "compileMs": 2077.4916639998555,
    "dbCreateMs": 9536.115433000028
  },
  "analysisMs": 14592.571212999988,
  "meta": {
    "amountOfQueries": 2,
    "CVE": "CVE-2017-16026",
    "linesOfCode": {
      "files": 71,
      "blank": 1374,
      "comment": 354,
      "code": 8988
    }
  }
}