{
  "preprocessing": {
    "compileMs": 2557.6582520008087,
    "dbCreateMs": 7698.849522002041
  },
  "analysisMs": 12787.253141000867,
  "meta": {
    "amountOfQueries": 7,
    "CVE": "CVE-2020-7763",
    "linesOfCode": {
      "files": 13,
      "blank": 163,
      "comment": 22,
      "code": 2151
    }
  }
}