{
  "preprocessing": {
    "compileMs": 2713.6311780000106,
    "dbCreateMs": 7626.589358000085
  },
  "analysisMs": 13291.698373000138,
  "meta": {
    "amountOfQueries": 7,
    "CVE": "CVE-2017-16107",
    "linesOfCode": {
      "files": 5,
      "blank": 1,
      "comment": 4,
      "code": 525
    }
  }
}