{
  "preprocessing": {
    "compileMs": 5142.965172000229,
    "dbCreateMs": 8513.32635500282
  },
  "analysisMs": 17666.447644002736,
  "meta": {
    "amountOfQueries": 12,
    "CVE": "CVE-2019-9844",
    "linesOfCode": {
      "files": 10,
      "blank": 511,
      "comment": 554,
      "code": 14145
    }
  }
}