{
  "preprocessing": {
    "compileMs": 8903.736393,
    "dbCreateMs": 8964.827772999648
  },
  "analysisMs": 24417.526083000004,
  "meta": {
    "amountOfQueries": 36,
    "CVE": "CVE-2017-16018",
    "linesOfCode": {
      "files": 41,
      "blank": 1573,
      "comment": 2458,
      "code": 4946
    }
  }
}