{
  "preprocessing": {
    "compileMs": 1653.855997003615,
    "dbCreateMs": 12019.213610999286
  },
  "analysisMs": 12088.006743997335,
  "meta": {
    "amountOfQueries": 2,
    "CVE": "CVE-2022-0004",
    "linesOfCode": {
      "files": 32,
      "blank": 59,
      "comment": 41,
      "code": 910
    }
  }
}