{
  "preprocessing": {
    "compileMs": 4235.319946996868,
    "dbCreateMs": 7546.540047004819
  },
  "analysisMs": 15383.761581994593,
  "meta": {
    "amountOfQueries": 12,
    "CVE": "CVE-2020-11079",
    "linesOfCode": {
      "files": 7,
      "blank": 22,
      "comment": 5,
      "code": 145
    }
  }
}