{
  "preprocessing": {
    "compileMs": 8586.881633996964,
    "dbCreateMs": 60256.3134739995
  },
  "analysisMs": 85481.12738200277,
  "meta": {
    "amountOfQueries": 36,
    "CVE": "CVE-2020-7676",
    "linesOfCode": {
      "files": 1148,
      "blank": 32477,
      "comment": 36943,
      "code": 232396
    }
  }
}