{
  "preprocessing": {
    "compileMs": 4511.3650609999895,
    "dbCreateMs": 7595.556630000472
  },
  "analysisMs": 15417.981219999492,
  "meta": {
    "amountOfQueries": 9,
    "CVE": "CVE-2019-10759",
    "linesOfCode": {
      "files": 7,
      "blank": 70,
      "comment": 146,
      "code": 759
    }
  }
}