{
  "preprocessing": {
    "compileMs": 8600.311885006726,
    "dbCreateMs": 25253.608793996274
  },
  "analysisMs": 40675.268202997744,
  "meta": {
    "amountOfQueries": 36,
    "CVE": "CVE-2018-20676",
    "linesOfCode": {
      "files": 60,
      "blank": 4726,
      "comment": 2899,
      "code": 32303
    }
  }
}