{
  "preprocessing": {
    "compileMs": 8551.846672996879,
    "dbCreateMs": 4640.983415000141
  },
  "analysisMs": 1467.3541250005364,
  "meta": {
    "amountOfQueries": 36,
    "CVE": "CVE-2018-16480",
    "linesOfCode": {
      "files": 1,
      "blank": 0,
      "comment": 0,
      "code": 20
    }
  }
}