{
  "preprocessing": {
    "compileMs": 5476.691684000194,
    "dbCreateMs": 7508.549929998815
  },
  "analysisMs": 17240.01885099709,
  "meta": {
    "amountOfQueries": 15,
    "CVE": "CVE-2017-16137",
    "linesOfCode": {
      "files": 14,
      "blank": 163,
      "comment": 234,
      "code": 508
    }
  }
}