{
  "preprocessing": {
    "compileMs": 2515.0331320017576,
    "dbCreateMs": 8217.528798997402
  },
  "analysisMs": 13908.472934998572,
  "meta": {
    "amountOfQueries": 7,
    "CVE": "CVE-2018-16478",
    "linesOfCode": {
      "files": 21,
      "blank": 575,
      "comment": 487,
      "code": 3041
    }
  }
}