{
  "preprocessing": {
    "compileMs": 5446.732172999997,
    "dbCreateMs": 9841.373873000033
  },
  "analysisMs": 19998.22203900013,
  "meta": {
    "amountOfQueries": 15,
    "CVE": "CVE-2017-15010",
    "linesOfCode": {
      "files": 23,
      "blank": 352,
      "comment": 865,
      "code": 5721
    }
  }
}