{
  "preprocessing": {
    "compileMs": 3095.1516999974847,
    "dbCreateMs": 8538.019469998777
  },
  "analysisMs": 14266.30162999779,
  "meta": {
    "amountOfQueries": 5,
    "CVE": "CVE-2018-21036",
    "linesOfCode": {
      "files": 52,
      "blank": 1281,
      "comment": 1238,
      "code": 3857
    }
  }
}