{
  "preprocessing": {
    "compileMs": 8971.367860004306,
    "dbCreateMs": 40582.74031199515
  },
  "analysisMs": 60675.66691300273,
  "meta": {
    "amountOfQueries": 36,
    "CVE": "CVE-2020-27666",
    "linesOfCode": {
      "files": 2350,
      "blank": 20633,
      "comment": 7068,
      "code": 164949
    }
  }
}