{
  "analysis": {
    "avgMs": 15187.65683476001,
    "runsMs": [
      15285.7513410002,
      15292.87826700043,
      15160.001679999754,
      15148.471800000407,
      15208.43480199948,
      15143.299134000205,
      15125.318078999408,
      15053.242961000651,
      15131.11612100061,
      15137.785621999763,
      15259.11823600065,
      15195.703456999734,
      15128.976238000207,
      15179.109206999652,
      15166.943656000309,
      15266.433095999993,
      15161.808203999884,
      15498.23631099984,
      15265.639736999758,
      15223.28270599991,
      15161.558577000163,
      15111.88243300002,
      15216.236247000284,
      15026.370142999105,
      15143.82281399984
    ],
    "coldMs": 30197.876428999938
  },
  "meta": {
    "CVE": "CVE-2020-27666",
    "ruleCount": 11,
    "linesOfCode": {
      "files": 2350,
      "blank": 20633,
      "comment": 7068,
      "code": 164949
    }
  }
}