{
  "analysis": {
    "avgMs": 164347.62680332013,
    "runsMs": [
      164762.1145510003,
      164329.04378899932,
      164542.9277549982,
      163639.0157230012,
      163431.6986870002,
      164131.60306099802,
      164980.97883599997,
      163416.5941759944,
      163927.46887899935,
      163566.53890999407,
      165483.09411799908,
      163731.70951200277,
      165704.16881800443,
      164420.70368599892,
      164314.85819099844,
      164299.14892700315,
      164451.58141700178,
      164737.61069099605,
      164756.57865400612,
      164118.35859400034,
      164323.91580200195,
      164483.09562399983,
      163541.3558069989,
      164715.13313100487,
      164881.37274400145
    ],
    "coldMs": 164296.32831499726
  },
  "meta": {
    "CVE": "CVE-2020-27666",
    "linesOfCode": {
      "files": 2350,
      "blank": 20633,
      "comment": 7068,
      "code": 164949
    }
  }
}