{
  "preprocessing": {
    "compileMs": 5482.989795997739,
    "dbCreateMs": 15875.76166100055
  },
  "analysisMs": 25322.56769799441,
  "meta": {
    "amountOfQueries": 15,
    "CVE": "CVE-2018-13863",
    "linesOfCode": {
      "files": 84,
      "blank": 3240,
      "comment": 7938,
      "code": 31307
    }
  }
}