{
  "preprocessing": {
    "compileMs": 4204.645505994558,
    "dbCreateMs": 7412.145138002932
  },
  "analysisMs": 15173.447357006371,
  "meta": {
    "amountOfQueries": 12,
    "CVE": "CVE-2018-3746",
    "linesOfCode": {
      "files": 6,
      "blank": 24,
      "comment": 1,
      "code": 514
    }
  }
}