{
  "preprocessing": {
    "compileMs": 1705.695343002677,
    "dbCreateMs": 9107.23803500086
  },
  "analysisMs": 11993.145589001477,
  "meta": {
    "amountOfQueries": 1,
    "CVE": "CVE-2022-0001",
    "linesOfCode": {
      "files": 16,
      "blank": 14,
      "comment": 0,
      "code": 338
    }
  }
}