{
  "preprocessing": {
    "compileMs": 2555.4410030022264,
    "dbCreateMs": 4480.7201389968395
  },
  "analysisMs": 1404.5321070030332,
  "meta": {
    "amountOfQueries": 7,
    "CVE": "CVE-2018-16479",
    "linesOfCode": {
      "files": 1,
      "blank": 0,
      "comment": 0,
      "code": 29
    }
  }
}