{
  "preprocessing": {
    "compileMs": 4200.1818519979715,
    "dbCreateMs": 32871.170232996345
  },
  "analysisMs": 31794.132458001375,
  "meta": {
    "amountOfQueries": 12,
    "CVE": "CVE-2018-6342",
    "linesOfCode": {
      "files": 226,
      "blank": 12286,
      "comment": 25914,
      "code": 58658
    }
  }
}