{
  "preprocessing": {
    "compileMs": 2541.393316999078,
    "dbCreateMs": 7529.508754000068
  },
  "analysisMs": 12537.946452997625,
  "meta": {
    "amountOfQueries": 7,
    "CVE": "CVE-2018-16485",
    "linesOfCode": {
      "files": 6,
      "blank": 14,
      "comment": 0,
      "code": 478
    }
  }
}