{
  "preprocessing": {
    "compileMs": 2292.295224994421,
    "dbCreateMs": 7689.4826579988
  },
  "analysisMs": 12825.8883439973,
  "meta": {
    "amountOfQueries": 3,
    "CVE": "CVE-2017-18355",
    "linesOfCode": {
      "files": 13,
      "blank": 164,
      "comment": 253,
      "code": 6497
    }
  }
}