{
  "preprocessing": {
    "compileMs": 2757.5216649994254,
    "dbCreateMs": 7947.472581997514
  },
  "analysisMs": 13542.186175003648,
  "meta": {
    "amountOfQueries": 7,
    "CVE": "CVE-2019-5444",
    "linesOfCode": {
      "files": 7,
      "blank": 46,
      "comment": 0,
      "code": 260
    }
  }
}