{
  "preprocessing": {
    "compileMs": 8376.935767993331,
    "dbCreateMs": 7561.3484409973025
  },
  "analysisMs": 19966.316199995577,
  "meta": {
    "amountOfQueries": 30,
    "CVE": "CVE-2018-3750",
    "linesOfCode": {
      "files": 4,
      "blank": 46,
      "comment": 50,
      "code": 358
    }
  }
}