{
  "preprocessing": {
    "compileMs": 9298.393073000014,
    "dbCreateMs": 9572.47220800072
  },
  "analysisMs": 25885.57326399535,
  "meta": {
    "amountOfQueries": 31,
    "CVE": "CVE-2018-11615",
    "linesOfCode": {
      "files": 58,
      "blank": 2020,
      "comment": 1207,
      "code": 9636
    }
  }
}