{
  "preprocessing": {
    "compileMs": 9734.631586000323,
    "dbCreateMs": 16439.73701300472
  },
  "analysisMs": 30087.381816998124,
  "meta": {
    "amountOfQueries": 45,
    "CVE": "CVE-2020-6836",
    "linesOfCode": {
      "files": 70,
      "blank": 3416,
      "comment": 1669,
      "code": 26898
    }
  }
}