{
  "preprocessing": {
    "compileMs": 9177.011016003788,
    "dbCreateMs": 19077.587704002857
  },
  "analysisMs": 33851.22728699446,
  "meta": {
    "amountOfQueries": 36,
    "CVE": "CVE-2019-15479",
    "linesOfCode": {
      "files": 176,
      "blank": 4043,
      "comment": 3573,
      "code": 29256
    }
  }
}