{
  "preprocessing": {
    "compileMs": 8850.243110999465,
    "dbCreateMs": 41382.760617002845
  },
  "analysisMs": 60212.886682994664,
  "meta": {
    "amountOfQueries": 36,
    "CVE": "CVE-2020-27666",
    "linesOfCode": {
      "files": 2349,
      "blank": 20630,
      "comment": 7067,
      "code": 164935
    }
  }
}