{
  "analysis": {
    "avgMs": 15061.261687480062,
    "runsMs": [
      14643.797895999625,
      14673.8370930003,
      14594.239728000015,
      15000.387034000829,
      14990.170994999819,
      15119.236421000212,
      15193.550267999992,
      15130.107243999839,
      15098.91126700025,
      15008.931691000238,
      15113.431885000318,
      15276.883460000157,
      14979.346020000055,
      15173.054626000114,
      14985.965792000294,
      15049.108281000517,
      15074.197964999825,
      15195.064023000188,
      15163.334152000025,
      15281.330616999418,
      15263.295272000134,
      15148.013159999624,
      15107.175513000228,
      15144.27710099984,
      15123.8946829997
    ],
    "coldMs": 30644.270034999587
  },
  "meta": {
    "CVE": "CVE-2020-27666",
    "ruleCount": 11,
    "linesOfCode": {
      "files": 2349,
      "blank": 20630,
      "comment": 7067,
      "code": 164935
    }
  }
}