{
  "analysis": {
    "avgMs": 1500.827217599973,
    "runsMs": [
      1493.1344119999558,
      1496.3331140000373,
      1489.3473359998316,
      1503.6927349995822,
      1503.3754530008882,
      1497.8093810006976,
      1482.699151000008,
      1550.201909000054,
      1482.0388459991664,
      1496.0940530002117,
      1506.3770300000906,
      1507.9686549995095,
      1492.8456500004977,
      1484.2200980000198,
      1486.4798240009695,
      1505.3242760002613,
      1494.618967000395,
      1497.0797129999846,
      1506.0629319995642,
      1512.3133329991251,
      1496.6046279985458,
      1506.312002999708,
      1486.0828019995242,
      1549.577610000968,
      1494.086528999731
    ],
    "coldMs": 1829.0692729987204
  },
  "meta": {
    "CVE": "CVE-2020-27666",
    "ruleCount": 35,
    "linesOfCode": {
      "files": 2349,
      "blank": 20630,
      "comment": 7067,
      "code": 164935
    }
  }
}