{
  "analysis": {
    "avgMs": 165562.60275556013,
    "runsMs": [
      168093.1665470004,
      169390.09660600126,
      171048.5247710012,
      168607.77532200143,
      169578.81429100037,
      169405.95018799976,
      169761.63387399912,
      177748.33422299847,
      163984.3446900025,
      163060.96006799862,
      162916.80431900173,
      161305.640544001,
      163735.3638079986,
      162947.74255100265,
      163257.72984900326,
      163387.58178199828,
      162979.57773199677,
      163044.30274099857,
      164612.47349900007,
      163438.77871399745,
      163498.22727700323,
      163281.5696780011,
      162891.43798499927,
      164022.89411199838,
      163065.34371799976
    ],
    "coldMs": 167903.59631299973
  },
  "meta": {
    "CVE": "CVE-2020-27666",
    "linesOfCode": {
      "files": 2349,
      "blank": 20630,
      "comment": 7067,
      "code": 164935
    }
  }
}