{
  "preprocessing": {
    "compileMs": 8843.640092000365,
    "dbCreateMs": 11613.086557999253
  },
  "analysisMs": 27819.38058999926,
  "meta": {
    "amountOfQueries": 36,
    "CVE": "CVE-2017-18635",
    "linesOfCode": {
      "files": 37,
      "blank": 2187,
      "comment": 1735,
      "code": 12969
    }
  }
}