{
  "preprocessing": {
    "compileMs": 4412.0658680051565,
    "dbCreateMs": 8419.376626998186
  },
  "analysisMs": 16889.72217400372,
  "meta": {
    "amountOfQueries": 12,
    "CVE": "CVE-2020-15123",
    "linesOfCode": {
      "files": 50,
      "blank": 164,
      "comment": 59,
      "code": 8383
    }
  }
}