{
  "preprocessing": {
    "compileMs": 2188.7494769990444,
    "dbCreateMs": 10206.687772996724
  },
  "analysisMs": 14995.059459999204,
  "meta": {
    "amountOfQueries": 2,
    "CVE": "CVE-2018-20834",
    "linesOfCode": {
      "files": 1973,
      "blank": 27396,
      "comment": 15687,
      "code": 218347
    }
  }
}