{
  "preprocessing": {
    "compileMs": 8879.208666995168,
    "dbCreateMs": 13711.23448599875
  },
  "analysisMs": 31931.902771003544,
  "meta": {
    "amountOfQueries": 36,
    "CVE": "CVE-2019-8331",
    "linesOfCode": {
      "files": 76,
      "blank": 5062,
      "comment": 2684,
      "code": 33732
    }
  }
}