{
  "preprocessing": {
    "compileMs": 7532.528366997838,
    "dbCreateMs": 7820.172354005277
  },
  "analysisMs": 20358.978469997644,
  "meta": {
    "amountOfQueries": 17,
    "CVE": "CVE-2019-16769",
    "linesOfCode": {
      "files": 5,
      "blank": 125,
      "comment": 36,
      "code": 2508
    }
  }
}