{
  "analysis": {
    "avgMs": 950.663304759562,
    "runsMs": [
      843.5691389963031,
      834.760853998363,
      842.610085003078,
      1252.3735769987106,
      818.458140000701,
      908.0716800019145,
      845.4160579964519,
      816.7278349995613,
      1248.229174003005,
      884.3036179989576,
      852.9429660066962,
      1122.8428229987621,
      850.3844759985805,
      1124.252594999969,
      1091.1781979948282,
      901.6527299955487,
      821.1555499956012,
      850.857239998877,
      811.1408680006862,
      805.9183189943433,
      1105.756021000445,
      1017.085587002337,
      1069.9853719994426,
      893.2525690048933,
      1153.6571450009942
    ],
    "coldMs": 1188.8213670030236
  },
  "meta": {
    "CVE": "CVE-2019-16769",
    "ruleCount": 35,
    "linesOfCode": {
      "files": 5,
      "blank": 125,
      "comment": 36,
      "code": 2508
    }
  }
}