{
  "analysis": {
    "avgMs": 1217.528996720016,
    "runsMs": [
      1213.2474390044808,
      1183.6536289975047,
      1167.879534997046,
      1164.1573849990964,
      1153.1617270037532,
      1133.3053520023823,
      1122.2383089959621,
      1171.8882219940424,
      1165.444581001997,
      1092.1972770020366,
      1167.7919929996133,
      1456.093338996172,
      1164.8368280008435,
      1260.3953740000725,
      1179.1962139979005,
      1168.0996109992266,
      1248.677905999124,
      1216.7730199992657,
      1091.4719239994884,
      1056.4531780034304,
      1140.0984640046954,
      1219.126891002059,
      1462.947375997901,
      1264.2302080020308,
      1774.8591360002756
    ],
    "coldMs": 1908.316090002656
  },
  "meta": {
    "CVE": "CVE-2019-16769",
    "ruleCount": 11,
    "linesOfCode": {
      "files": 5,
      "blank": 125,
      "comment": 36,
      "code": 2508
    }
  }
}