{
  "analysis": {
    "avgMs": 31535.660165400805,
    "runsMs": [
      31186.547790005803,
      31255.107348002493,
      31252.525269001722,
      31244.82518800348,
      31192.21062900126,
      31189.56565400213,
      31225.412980996072,
      31254.201961003244,
      31285.31015700102,
      31088.43321199715,
      31087.56501699984,
      31185.79093300551,
      31300.83572600037,
      33076.7039539963,
      33777.41615699977,
      32316.04049000144,
      32542.87955299765,
      31797.038402996957,
      30930.388462007046,
      31885.899916000664,
      32132.432581998408,
      30886.998723998666,
      31037.28007300198,
      31109.17669700086,
      31150.91725900024
    ],
    "coldMs": 31143.603241994977
  },
  "meta": {
    "CVE": "CVE-2019-16769",
    "linesOfCode": {
      "files": 5,
      "blank": 125,
      "comment": 36,
      "code": 2508
    }
  }
}