{
  "preprocessing": {
    "compileMs": 2645.927215002477,
    "dbCreateMs": 7725.874168001115
  },
  "analysisMs": 13661.976835995913,
  "meta": {
    "amountOfQueries": 3,
    "CVE": "CVE-2017-18354",
    "linesOfCode": {
      "files": 13,
      "blank": 157,
      "comment": 253,
      "code": 6488
    }
  }
}