{
  "preprocessing": {
    "compileMs": 8489.333778999746,
    "dbCreateMs": 7449.531700998545
  },
  "analysisMs": 19517.609570004046,
  "meta": {
    "amountOfQueries": 30,
    "CVE": "CVE-2018-3719",
    "linesOfCode": {
      "files": 5,
      "blank": 36,
      "comment": 22,
      "code": 348
    }
  }
}