{
  "preprocessing": {
    "compileMs": 1674.2439250000753,
    "dbCreateMs": 7496.432271999773
  },
  "analysisMs": 11314.258893000428,
  "meta": {
    "amountOfQueries": 1,
    "CVE": "CVE-2017-16028",
    "linesOfCode": {
      "files": 16,
      "blank": 94,
      "comment": 77,
      "code": 618
    }
  }
}