{
  "preprocessing": {
    "compileMs": 8996.7760989964,
    "dbCreateMs": 13972.020706996322
  },
  "analysisMs": 33067.95953100175,
  "meta": {
    "amountOfQueries": 36,
    "CVE": "CVE-2019-14862",
    "linesOfCode": {
      "files": 132,
      "blank": 4036,
      "comment": 3073,
      "code": 19824
    }
  }
}