{
  "preprocessing": {
    "compileMs": 9854.600836001337,
    "dbCreateMs": 7982.247204996645
  },
  "analysisMs": 24106.309620000422,
  "meta": {
    "amountOfQueries": 45,
    "CVE": "CVE-2019-5413",
    "linesOfCode": {
      "files": 3,
      "blank": 362,
      "comment": 188,
      "code": 1452
    }
  }
}