{
  "preprocessing": {
    "compileMs": 9385.835901997983,
    "dbCreateMs": 14447.256127998233
  },
  "analysisMs": 34092.997100003064,
  "meta": {
    "amountOfQueries": 31,
    "CVE": "CVE-2020-7656",
    "linesOfCode": {
      "files": 59,
      "blank": 5925,
      "comment": 3087,
      "code": 23912
    }
  }
}