{
  "preprocessing": {
    "compileMs": 7754.261932000518,
    "dbCreateMs": 7622.296397998929
  },
  "analysisMs": 20032.485433995724,
  "meta": {
    "amountOfQueries": 21,
    "CVE": "CVE-2017-16226",
    "linesOfCode": {
      "files": 7,
      "blank": 35,
      "comment": 3,
      "code": 317
    }
  }
}