{
  "preprocessing": {
    "compileMs": 4209.087310999632,
    "dbCreateMs": 10251.63138499856
  },
  "analysisMs": 19041.804425999522,
  "meta": {
    "amountOfQueries": 12,
    "CVE": "CVE-2020-4066",
    "linesOfCode": {
      "files": 98,
      "blank": 1654,
      "comment": 2075,
      "code": 6983
    }
  }
}