{
  "preprocessing": {
    "compileMs": 1763.1253769993782,
    "dbCreateMs": 7925.977276995778
  },
  "analysisMs": 12483.715165995061,
  "meta": {
    "amountOfQueries": 1,
    "CVE": "CVE-2019-15658",
    "linesOfCode": {
      "files": 7,
      "blank": 157,
      "comment": 70,
      "code": 675
    }
  }
}