{
  "preprocessing": {
    "compileMs": 2678.8382240002975,
    "dbCreateMs": 7488.582624999806
  },
  "analysisMs": 12718.88599999994,
  "meta": {
    "amountOfQueries": 7,
    "CVE": "CVE-2017-16084",
    "linesOfCode": {
      "files": 3,
      "blank": 26,
      "comment": 5,
      "code": 136
    }
  }
}