{
  "preprocessing": {
    "compileMs": 2483.0513110011816,
    "dbCreateMs": 12900.64064900577
  },
  "analysisMs": 16193.105186998844,
  "meta": {
    "amountOfQueries": 7,
    "CVE": "CVE-2017-16877",
    "linesOfCode": {
      "files": 350,
      "blank": 1374,
      "comment": 437,
      "code": 9274
    }
  }
}