{
  "preprocessing": {
    "compileMs": 4461.169500999153,
    "dbCreateMs": 9055.663281999528
  },
  "analysisMs": 16566.903495006263,
  "meta": {
    "amountOfQueries": 12,
    "CVE": "CVE-2020-8149",
    "linesOfCode": {
      "files": 21,
      "blank": 138,
      "comment": 8,
      "code": 1457
    }
  }
}