{
  "preprocessing": {
    "compileMs": 8352.740123994648,
    "dbCreateMs": 7922.20359300077
  },
  "analysisMs": 21020.346024997532,
  "meta": {
    "amountOfQueries": 30,
    "CVE": "CVE-2020-8116",
    "linesOfCode": {
      "files": 6,
      "blank": 126,
      "comment": 67,
      "code": 485
    }
  }
}