{
  "preprocessing": {
    "compileMs": 9820.899333999492,
    "dbCreateMs": 9913.086068999954
  },
  "analysisMs": 25314.83265800029,
  "meta": {
    "amountOfQueries": 31,
    "CVE": "CVE-2017-16082",
    "linesOfCode": {
      "files": 113,
      "blank": 1090,
      "comment": 357,
      "code": 7632
    }
  }
}