{
  "preprocessing": {
    "compileMs": 8454.246635995805,
    "dbCreateMs": 7356.488917000592
  },
  "analysisMs": 21377.561875998974,
  "meta": {
    "amountOfQueries": 36,
    "CVE": "CVE-2018-16484",
    "linesOfCode": {
      "files": 6,
      "blank": 14,
      "comment": 0,
      "code": 478
    }
  }
}