{
  "preprocessing": {
    "compileMs": 9583.611516997218,
    "dbCreateMs": 22581.63572499901
  },
  "analysisMs": 32860.61785200238,
  "meta": {
    "amountOfQueries": 45,
    "CVE": "CVE-2018-18282",
    "linesOfCode": {
      "files": 1116,
      "blank": 4543,
      "comment": 2212,
      "code": 30502
    }
  }
}