{
  "preprocessing": {
    "compileMs": 5162.53901200043,
    "dbCreateMs": 11444.089818000328
  },
  "analysisMs": 18843.175709999632,
  "meta": {
    "amountOfQueries": 12,
    "CVE": "CVE-2017-16006",
    "linesOfCode": {
      "files": 82,
      "blank": 2743,
      "comment": 3104,
      "code": 13477
    }
  }
}