{
  "preprocessing": {
    "compileMs": 1928.0024150013924,
    "dbCreateMs": 12017.159517005086
  },
  "analysisMs": 12044.791036009789,
  "meta": {
    "amountOfQueries": 2,
    "CVE": "CVE-2022-0006",
    "linesOfCode": {
      "files": 36,
      "blank": 62,
      "comment": 41,
      "code": 956
    }
  }
}