{
  "preprocessing": {
    "compileMs": 8198.232105001807,
    "dbCreateMs": 15897.12840499729
  },
  "analysisMs": 34599.591775000095,
  "meta": {
    "amountOfQueries": 30,
    "CVE": "CVE-2020-7720",
    "linesOfCode": {
      "files": 107,
      "blank": 4235,
      "comment": 12485,
      "code": 32756
    }
  }
}