{
  "preprocessing": {
    "compileMs": 8297.41114500165,
    "dbCreateMs": 7318.3553000018
  },
  "analysisMs": 20088.482716999948,
  "meta": {
    "amountOfQueries": 30,
    "CVE": "CVE-2018-3750",
    "linesOfCode": {
      "files": 4,
      "blank": 44,
      "comment": 49,
      "code": 349
    }
  }
}