{
  "preprocessing": {
    "compileMs": 5501.099266000092,
    "dbCreateMs": 7229.757182002068
  },
  "analysisMs": 16257.45172599703,
  "meta": {
    "amountOfQueries": 15,
    "CVE": "CVE-2018-7560",
    "linesOfCode": {
      "files": 2,
      "blank": 1,
      "comment": 0,
      "code": 84
    }
  }
}