{
  "preprocessing": {
    "compileMs": 5295.50926399976,
    "dbCreateMs": 7689.38184300065
  },
  "analysisMs": 17062.25218500197,
  "meta": {
    "amountOfQueries": 15,
    "CVE": "CVE-2017-18077",
    "linesOfCode": {
      "files": 13,
      "blank": 58,
      "comment": 20,
      "code": 351
    }
  }
}