{
  "preprocessing": {
    "compileMs": 2567.5088069960475,
    "dbCreateMs": 10786.758667998016
  },
  "analysisMs": 15641.262474000454,
  "meta": {
    "amountOfQueries": 7,
    "CVE": "CVE-2018-11798",
    "linesOfCode": {
      "files": 78,
      "blank": 1651,
      "comment": 3195,
      "code": 13591
    }
  }
}