{
  "preprocessing": {
    "compileMs": 5716.192946000025,
    "dbCreateMs": 8476.696064000018
  },
  "analysisMs": 18815.05417900067,
  "meta": {
    "amountOfQueries": 15,
    "CVE": "CVE-2017-16114",
    "linesOfCode": {
      "files": 10,
      "blank": 315,
      "comment": 226,
      "code": 1476
    }
  }
}