{
  "preprocessing": {
    "compileMs": 3156.397706001997,
    "dbCreateMs": 8285.95547799766
  },
  "analysisMs": 14168.1309460029,
  "meta": {
    "amountOfQueries": 5,
    "CVE": "CVE-2019-10775",
    "linesOfCode": {
      "files": 58,
      "blank": 480,
      "comment": 94,
      "code": 6930
    }
  }
}