{
  "preprocessing": {
    "compileMs": 5405.9981720000505,
    "dbCreateMs": 7541.566659994423
  },
  "analysisMs": 16844.097369998693,
  "meta": {
    "amountOfQueries": 15,
    "CVE": "CVE-2017-16136",
    "linesOfCode": {
      "files": 3,
      "blank": 52,
      "comment": 51,
      "code": 267
    }
  }
}