{
  "preprocessing": {
    "compileMs": 5350.02570399642,
    "dbCreateMs": 8939.090242005885
  },
  "analysisMs": 17415.186536997557,
  "meta": {
    "amountOfQueries": 12,
    "CVE": "CVE-2019-16763",
    "linesOfCode": {
      "files": 8,
      "blank": 443,
      "comment": 1213,
      "code": 3218
    }
  }
}