{
  "preprocessing": {
    "compileMs": 5372.019473999739,
    "dbCreateMs": 7387.850896000862
  },
  "analysisMs": 16632.74011900276,
  "meta": {
    "amountOfQueries": 15,
    "CVE": "CVE-2017-16138",
    "linesOfCode": {
      "files": 11,
      "blank": 64,
      "comment": 44,
      "code": 665
    }
  }
}