{
  "preprocessing": {
    "compileMs": 2205.760228998959,
    "dbCreateMs": 26690.777661003172
  },
  "analysisMs": 28941.836225003004,
  "meta": {
    "amountOfQueries": 2,
    "CVE": "CVE-2020-8135",
    "linesOfCode": {
      "files": 547,
      "blank": 4557,
      "comment": 3269,
      "code": 97431
    }
  }
}