{
  "preprocessing": {
    "compileMs": 6861.054312005639,
    "dbCreateMs": 29320.32902300358
  },
  "analysisMs": 47922.6497149989,
  "meta": {
    "amountOfQueries": 17,
    "CVE": "CVE-2018-6341",
    "linesOfCode": {
      "files": 687,
      "blank": 13769,
      "comment": 12907,
      "code": 112075
    }
  }
}