{
  "preprocessing": {
    "compileMs": 4739.315154999495,
    "dbCreateMs": 22542.73079200089
  },
  "analysisMs": 36828.61391700059,
  "meta": {
    "amountOfQueries": 9,
    "CVE": "CVE-2021-23344",
    "linesOfCode": {
      "files": 58,
      "blank": 10780,
      "comment": 3945,
      "code": 44526
    }
  }
}