{
  "preprocessing": {
    "compileMs": 8216.848307996988,
    "dbCreateMs": 7773.75717099756
  },
  "analysisMs": 20531.96270799637,
  "meta": {
    "amountOfQueries": 30,
    "CVE": "CVE-2018-16492",
    "linesOfCode": {
      "files": 5,
      "blank": 144,
      "comment": 13,
      "code": 806
    }
  }
}