{
  "preprocessing": {
    "compileMs": 10779.674399999902,
    "dbCreateMs": 7517.254190000007
  },
  "analysisMs": 25091.986283000093,
  "meta": {
    "amountOfQueries": 45,
    "CVE": "CVE-2017-5954",
    "linesOfCode": {
      "files": 8,
      "blank": 44,
      "comment": 154,
      "code": 671
    }
  }
}