{
  "preprocessing": {
    "compileMs": 1657.2915849983692,
    "dbCreateMs": 12105.093800000846
  },
  "analysisMs": 11880.186734996736,
  "meta": {
    "amountOfQueries": 2,
    "CVE": "CVE-2022-0003",
    "linesOfCode": {
      "files": 29,
      "blank": 50,
      "comment": 38,
      "code": 821
    }
  }
}