{
  "preprocessing": {
    "compileMs": 5244.7092770040035,
    "dbCreateMs": 9235.546158000827
  },
  "analysisMs": 17998.44873199612,
  "meta": {
    "amountOfQueries": 12,
    "CVE": "CVE-2019-16763",
    "linesOfCode": {
      "files": 8,
      "blank": 443,
      "comment": 1212,
      "code": 3212
    }
  }
}