{
  "preprocessing": {
    "compileMs": 8242.713188000023,
    "dbCreateMs": 7597.992218002677
  },
  "analysisMs": 20472.82055900246,
  "meta": {
    "amountOfQueries": 30,
    "CVE": "CVE-2019-10747",
    "linesOfCode": {
      "files": 21,
      "blank": 78,
      "comment": 28,
      "code": 6214
    }
  }
}