{
  "preprocessing": {
    "compileMs": 8988.94002999994,
    "dbCreateMs": 23487.392356000142
  },
  "analysisMs": 39618.159650000045,
  "meta": {
    "amountOfQueries": 36,
    "CVE": "CVE-2016-1000229",
    "linesOfCode": {
      "files": 74,
      "blank": 5557,
      "comment": 6388,
      "code": 29740
    }
  }
}