{
  "preprocessing": {
    "compileMs": 4277.953597001731,
    "dbCreateMs": 10140.424680002034
  },
  "analysisMs": 19095.62537200004,
  "meta": {
    "amountOfQueries": 12,
    "CVE": "CVE-2020-4066",
    "linesOfCode": {
      "files": 98,
      "blank": 1653,
      "comment": 2071,
      "code": 6983
    }
  }
}