{
  "preprocessing": {
    "compileMs": 9514.209221996367,
    "dbCreateMs": 20135.19166599959
  },
  "analysisMs": 39803.22167599946,
  "meta": {
    "amountOfQueries": 31,
    "CVE": "CVE-2019-8903",
    "linesOfCode": {
      "files": 54,
      "blank": 9041,
      "comment": 3444,
      "code": 37186
    }
  }
}