{
  "preprocessing": {
    "compileMs": 2201.2490670010448,
    "dbCreateMs": 10170.011640004814
  },
  "analysisMs": 15126.592139996588,
  "meta": {
    "amountOfQueries": 2,
    "CVE": "CVE-2018-20834",
    "linesOfCode": {
      "files": 1973,
      "blank": 27387,
      "comment": 15684,
      "code": 218284
    }
  }
}