{
  "preprocessing": {
    "compileMs": 8692.149269998074,
    "dbCreateMs": 7473.651237994432
  },
  "analysisMs": 21953.784350000322,
  "meta": {
    "amountOfQueries": 36,
    "CVE": "CVE-2018-16484",
    "linesOfCode": {
      "files": 6,
      "blank": 16,
      "comment": 0,
      "code": 507
    }
  }
}