{
  "preprocessing": {
    "compileMs": 5038.181758001447,
    "dbCreateMs": 7854.378395996988
  },
  "analysisMs": 16738.22004700452,
  "meta": {
    "amountOfQueries": 12,
    "CVE": "CVE-2019-20149",
    "linesOfCode": {
      "files": 37,
      "blank": 121,
      "comment": 46,
      "code": 900
    }
  }
}