{
  "preprocessing": {
    "compileMs": 4153.063483998179,
    "dbCreateMs": 7370.643539994955
  },
  "analysisMs": 15563.8158319965,
  "meta": {
    "amountOfQueries": 12,
    "CVE": "CVE-2018-3757",
    "linesOfCode": {
      "files": 3,
      "blank": 36,
      "comment": 9,
      "code": 386
    }
  }
}