{
  "preprocessing": {
    "compileMs": 9641.228930999525,
    "dbCreateMs": 9962.878163000569
  },
  "analysisMs": 26066.16156999953,
  "meta": {
    "amountOfQueries": 31,
    "CVE": "CVE-2017-16082",
    "linesOfCode": {
      "files": 112,
      "blank": 1088,
      "comment": 354,
      "code": 7622
    }
  }
}