{
  "preprocessing": {
    "compileMs": 9767.654050000012,
    "dbCreateMs": 9526.261205002666
  },
  "analysisMs": 23523.35204400122,
  "meta": {
    "amountOfQueries": 45,
    "CVE": "CVE-2019-13506",
    "linesOfCode": {
      "files": 6,
      "blank": 73,
      "comment": 5,
      "code": 383
    }
  }
}