{
  "preprocessing": {
    "compileMs": 8533.381902001798,
    "dbCreateMs": 30703.24730799347
  },
  "analysisMs": 49090.54343599826,
  "meta": {
    "amountOfQueries": 30,
    "CVE": "CVE-2020-8203",
    "linesOfCode": {
      "files": 56,
      "blank": 18157,
      "comment": 30673,
      "code": 76531
    }
  }
}