{
  "preprocessing": {
    "compileMs": 3101.6827609986067,
    "dbCreateMs": 8401.940356001258
  },
  "analysisMs": 14182.271591998637,
  "meta": {
    "amountOfQueries": 5,
    "CVE": "CVE-2019-10775",
    "linesOfCode": {
      "files": 58,
      "blank": 478,
      "comment": 93,
      "code": 6922
    }
  }
}