{
  "preprocessing": {
    "compileMs": 5481.8162019997835,
    "dbCreateMs": 7917.07728099823
  },
  "analysisMs": 17156.29587700218,
  "meta": {
    "amountOfQueries": 15,
    "CVE": "CVE-2020-7662",
    "linesOfCode": {
      "files": 11,
      "blank": 253,
      "comment": 0,
      "code": 951
    }
  }
}