{
  "preprocessing": {
    "compileMs": 2592.7748259976506,
    "dbCreateMs": 9804.998304001987
  },
  "analysisMs": 15202.696125000715,
  "meta": {
    "amountOfQueries": 3,
    "CVE": "CVE-2020-15152",
    "linesOfCode": {
      "files": 108,
      "blank": 755,
      "comment": 26,
      "code": 15576
    }
  }
}