{
  "preprocessing": {
    "compileMs": 2856.8269739998505,
    "dbCreateMs": 8788.76523500029
  },
  "analysisMs": 14779.231894999743,
  "meta": {
    "amountOfQueries": 7,
    "CVE": "CVE-2017-16029",
    "linesOfCode": {
      "files": 11,
      "blank": 124,
      "comment": 122,
      "code": 673
    }
  }
}