{
  "analysis": {
    "avgMs": 734.9741525198519,
    "runsMs": [
      742.3912699986249,
      741.2890390008688,
      733.9033789988607,
      743.2168199997395,
      727.6612719986588,
      733.3073820006102,
      745.3016059994698,
      731.5059280004352,
      734.1632599998266,
      732.3247940000147,
      729.7182449996471,
      743.626058999449,
      727.3344290014356,
      748.1339579988271,
      736.2811259999871,
      729.482573999092,
      714.0224280003458,
      728.9965659994632,
      740.5615580007434,
      734.4531020000577,
      717.7667379993945,
      754.8034969996661,
      741.9085409995168,
      736.9862160012126,
      725.2140260003507
    ],
    "coldMs": 957.8760110009462
  },
  "meta": {
    "CVE": "CVE-2017-16029",
    "ruleCount": 35,
    "linesOfCode": {
      "files": 11,
      "blank": 124,
      "comment": 122,
      "code": 673
    }
  }
}