{
  "analysis": {
    "avgMs": 960.4467972400412,
    "runsMs": [
      969.4038460003212,
      953.046247000806,
      939.4869819991291,
      946.6347780004144,
      958.6978989997879,
      956.6877830000594,
      1016.2137019997463,
      1009.7639910001308,
      963.5352539997548,
      955.1755019994453,
      952.8418769994751,
      947.0512020001188,
      951.0071639996022,
      965.8491470003501,
      974.9428860004991,
      953.8830510005355,
      958.736265999265,
      951.0164959998801,
      946.0204380005598,
      962.4244769997895,
      940.7147400006652,
      959.0219630002975,
      970.7406980004162,
      947.3868190003559,
      960.8867229996249
    ],
    "coldMs": 1631.6825999999419
  },
  "meta": {
    "CVE": "CVE-2017-16029",
    "ruleCount": 11,
    "linesOfCode": {
      "files": 11,
      "blank": 124,
      "comment": 122,
      "code": 673
    }
  }
}