{
  "analysis": {
    "avgMs": 30396.31802040018,
    "runsMs": [
      35120.38597800024,
      33109.73823900148,
      30092.59915000014,
      29865.72817600146,
      30086.25598200038,
      29983.57493100129,
      30082.880129000172,
      30025.81397999823,
      30045.97278100066,
      30107.56257800013,
      29985.464189000428,
      30209.13397400081,
      30085.341884000227,
      30197.451712001115,
      30065.188574001193,
      30130.790872000158,
      30014.32532799989,
      30053.97808000073,
      30245.18912000023,
      29976.584443999454,
      29943.119663000107,
      30108.36893799901,
      30061.077451998368,
      30126.334000999108,
      30185.090354999527
    ],
    "coldMs": 34433.59667299874
  },
  "meta": {
    "CVE": "CVE-2017-16029",
    "linesOfCode": {
      "files": 11,
      "blank": 124,
      "comment": 122,
      "code": 673
    }
  }
}