{
  "preprocessing": {
    "compileMs": 5658.825738999993,
    "dbCreateMs": 7541.44328400027
  },
  "analysisMs": 17136.098052999936,
  "meta": {
    "amountOfQueries": 15,
    "CVE": "CVE-2017-16098",
    "linesOfCode": {
      "files": 3,
      "blank": 14,
      "comment": 23,
      "code": 136
    }
  }
}