{
  "preprocessing": {
    "compileMs": 9409.819611005485,
    "dbCreateMs": 9469.899955004454
  },
  "analysisMs": 25251.364715002477,
  "meta": {
    "amountOfQueries": 31,
    "CVE": "CVE-2018-11615",
    "linesOfCode": {
      "files": 58,
      "blank": 2020,
      "comment": 1207,
      "code": 9639
    }
  }
}