{
  "preprocessing": {
    "compileMs": 4497.270711995661,
    "dbCreateMs": 7499.581506997347
  },
  "analysisMs": 15516.330162994564,
  "meta": {
    "amountOfQueries": 9,
    "CVE": "CVE-2018-3770",
    "linesOfCode": {
      "files": 11,
      "blank": 93,
      "comment": 47,
      "code": 3393
    }
  }
}