{
  "preprocessing": {
    "compileMs": 2495.6720630005,
    "dbCreateMs": 23372.107693001628
  },
  "analysisMs": 29197.16693200171,
  "meta": {
    "amountOfQueries": 7,
    "CVE": "CVE-2019-10767",
    "linesOfCode": {
      "files": 117,
      "blank": 4044,
      "comment": 6062,
      "code": 36200
    }
  }
}