{
  "preprocessing": {
    "compileMs": 8732.71635299921,
    "dbCreateMs": 31980.00555099547
  },
  "analysisMs": 50347.629259996116,
  "meta": {
    "amountOfQueries": 30,
    "CVE": "CVE-2020-5258",
    "linesOfCode": {
      "files": 1013,
      "blank": 7766,
      "comment": 19672,
      "code": 117934
    }
  }
}