{
  "preprocessing": {
    "compileMs": 2227.414378002286,
    "dbCreateMs": 8179.420180000365
  },
  "analysisMs": 12703.537304997444,
  "meta": {
    "amountOfQueries": 2,
    "CVE": "CVE-2019-13173",
    "linesOfCode": {
      "files": 20,
      "blank": 369,
      "comment": 245,
      "code": 1702
    }
  }
}