{
  "preprocessing": {
    "compileMs": 2122.156854994595,
    "dbCreateMs": 64104.26096199453
  },
  "analysisMs": 68388.78646700084,
  "meta": {
    "amountOfQueries": 2,
    "CVE": "CVE-2018-6333",
    "linesOfCode": {
      "files": 2712,
      "blank": 31477,
      "comment": 44222,
      "code": 298147
    }
  }
}