{
  "preprocessing": {
    "compileMs": 2126.188083998859,
    "dbCreateMs": 8565.47555500269
  },
  "analysisMs": 13001.155177995563,
  "meta": {
    "amountOfQueries": 2,
    "CVE": "CVE-2018-1002204",
    "linesOfCode": {
      "files": 18,
      "blank": 498,
      "comment": 662,
      "code": 2886
    }
  }
}