{
  "preprocessing": {
    "compileMs": 2225.3082040026784,
    "dbCreateMs": 7468.791658997536
  },
  "analysisMs": 12255.789350003004,
  "meta": {
    "amountOfQueries": 2,
    "CVE": "CVE-2020-12265",
    "linesOfCode": {
      "files": 3,
      "blank": 48,
      "comment": 4,
      "code": 320
    }
  }
}