{
  "preprocessing": {
    "compileMs": 5443.557321000379,
    "dbCreateMs": 9812.874578999821
  },
  "analysisMs": 20360.609908999875,
  "meta": {
    "amountOfQueries": 15,
    "CVE": "CVE-2017-15010",
    "linesOfCode": {
      "files": 23,
      "blank": 353,
      "comment": 869,
      "code": 5827
    }
  }
}