{
  "preprocessing": {
    "compileMs": 9910.946476005018,
    "dbCreateMs": 7787.601236999035
  },
  "analysisMs": 24493.83955500275,
  "meta": {
    "amountOfQueries": 45,
    "CVE": "CVE-2019-5413",
    "linesOfCode": {
      "files": 3,
      "blank": 371,
      "comment": 188,
      "code": 1494
    }
  }
}