{
  "preprocessing": {
    "compileMs": 9069.106440998614,
    "dbCreateMs": 16363.573431998491
  },
  "analysisMs": 34201.45556899905,
  "meta": {
    "amountOfQueries": 36,
    "CVE": "CVE-2020-15138",
    "linesOfCode": {
      "files": 555,
      "blank": 2507,
      "comment": 4051,
      "code": 26905
    }
  }
}