{
  "preprocessing": {
    "compileMs": 1683.3397179991007,
    "dbCreateMs": 11840.099779002368
  },
  "analysisMs": 11831.137221999466,
  "meta": {
    "amountOfQueries": 2,
    "CVE": "CVE-2022-0003",
    "linesOfCode": {
      "files": 29,
      "blank": 51,
      "comment": 38,
      "code": 823
    }
  }
}