{
  "preprocessing": {
    "compileMs": 2542.311179995537,
    "dbCreateMs": 10590.242808997631
  },
  "analysisMs": 15597.173495002091,
  "meta": {
    "amountOfQueries": 7,
    "CVE": "CVE-2018-11798",
    "linesOfCode": {
      "files": 78,
      "blank": 1649,
      "comment": 3194,
      "code": 13586
    }
  }
}