{
  "preprocessing": {
    "compileMs": 5071.144946999848,
    "dbCreateMs": 26798.280244998634
  },
  "analysisMs": 35342.085375994444,
  "meta": {
    "amountOfQueries": 12,
    "CVE": "CVE-2020-9038",
    "linesOfCode": {
      "files": 397,
      "blank": 9761,
      "comment": 3653,
      "code": 91676
    }
  }
}