{
  "preprocessing": {
    "compileMs": 5779.539121999871,
    "dbCreateMs": 7222.417032000143
  },
  "analysisMs": 16823.55506400019,
  "meta": {
    "amountOfQueries": 15,
    "CVE": "CVE-2017-16023",
    "linesOfCode": {
      "files": 3,
      "blank": 1,
      "comment": 0,
      "code": 60
    }
  }
}