{
  "preprocessing": {
    "compileMs": 8412.592194996774,
    "dbCreateMs": 7716.562123000622
  },
  "analysisMs": 20177.230826996267,
  "meta": {
    "amountOfQueries": 30,
    "CVE": "CVE-2019-10747",
    "linesOfCode": {
      "files": 21,
      "blank": 79,
      "comment": 28,
      "code": 6211
    }
  }
}