{
  "preprocessing": {
    "compileMs": 8351.489244997501,
    "dbCreateMs": 7636.840738996863
  },
  "analysisMs": 20381.634294994175,
  "meta": {
    "amountOfQueries": 30,
    "CVE": "CVE-2018-16491",
    "linesOfCode": {
      "files": 5,
      "blank": 140,
      "comment": 24,
      "code": 768
    }
  }
}