{
  "preprocessing": {
    "compileMs": 2083.5061699971557,
    "dbCreateMs": 16301.015602000058
  },
  "analysisMs": 19680.26809000224,
  "meta": {
    "amountOfQueries": 2,
    "CVE": "CVE-2020-8192",
    "linesOfCode": {
      "files": 138,
      "blank": 4672,
      "comment": 595,
      "code": 27468
    }
  }
}