{
  "preprocessing": {
    "compileMs": 2099.7512699961662,
    "dbCreateMs": 16242.432760998607
  },
  "analysisMs": 20119.639271996915,
  "meta": {
    "amountOfQueries": 2,
    "CVE": "CVE-2020-8192",
    "linesOfCode": {
      "files": 138,
      "blank": 4672,
      "comment": 597,
      "code": 27461
    }
  }
}