{
  "preprocessing": {
    "compileMs": 5332.154265001416,
    "dbCreateMs": 7780.785349003971
  },
  "analysisMs": 18088.2534340024,
  "meta": {
    "amountOfQueries": 15,
    "CVE": "CVE-2018-7651",
    "linesOfCode": {
      "files": 9,
      "blank": 74,
      "comment": 25,
      "code": 6466
    }
  }
}