{
  "preprocessing": {
    "compileMs": 8489.241113997996,
    "dbCreateMs": 7917.178218998015
  },
  "analysisMs": 21435.463760994375,
  "meta": {
    "amountOfQueries": 30,
    "CVE": "CVE-2020-15256",
    "linesOfCode": {
      "files": 7,
      "blank": 210,
      "comment": 23,
      "code": 3914
    }
  }
}