{
  "preprocessing": {
    "compileMs": 8466.175856001675,
    "dbCreateMs": 26936.816191002727
  },
  "analysisMs": 43549.71232099831,
  "meta": {
    "amountOfQueries": 30,
    "CVE": "CVE-2019-11358",
    "linesOfCode": {
      "files": 190,
      "blank": 12441,
      "comment": 8518,
      "code": 49571
    }
  }
}