{
  "preprocessing": {
    "compileMs": 3229.7746649980545,
    "dbCreateMs": 8852.222673997283
  },
  "analysisMs": 15736.68703199923,
  "meta": {
    "amountOfQueries": 10,
    "CVE": "CVE-2020-11059",
    "linesOfCode": {
      "files": 85,
      "blank": 502,
      "comment": 145,
      "code": 3537
    }
  }
}