{
  "preprocessing": {
    "compileMs": 8606.603175997734,
    "dbCreateMs": 28982.201696000993
  },
  "analysisMs": 45641.784295998514,
  "meta": {
    "amountOfQueries": 36,
    "CVE": "CVE-2020-4051",
    "linesOfCode": {
      "files": 533,
      "blank": 5159,
      "comment": 13505,
      "code": 29794
    }
  }
}