{
  "preprocessing": {
    "compileMs": 9171.978897996247,
    "dbCreateMs": 13650.96998399496
  },
  "analysisMs": 30427.97427199781,
  "meta": {
    "amountOfQueries": 36,
    "CVE": "CVE-2019-14772",
    "linesOfCode": {
      "files": 318,
      "blank": 15254,
      "comment": 13501,
      "code": 98640
    }
  }
}