{
  "preprocessing": {
    "compileMs": 8742.339106999338,
    "dbCreateMs": 25474.88375700265
  },
  "analysisMs": 40376.81595700234,
  "meta": {
    "amountOfQueries": 36,
    "CVE": "CVE-2018-14042",
    "linesOfCode": {
      "files": 60,
      "blank": 4717,
      "comment": 2899,
      "code": 32267
    }
  }
}