{
  "preprocessing": {
    "compileMs": 2288.8272169977427,
    "dbCreateMs": 12896.412170998752
  },
  "analysisMs": 19805.269191995263,
  "meta": {
    "amountOfQueries": 2,
    "CVE": "CVE-2019-5484",
    "linesOfCode": {
      "files": 196,
      "blank": 4554,
      "comment": 1884,
      "code": 26728
    }
  }
}