{
  "preprocessing": {
    "compileMs": 9144.648276001215,
    "dbCreateMs": 9241.731150999665
  },
  "analysisMs": 25441.662069000304,
  "meta": {
    "amountOfQueries": 36,
    "CVE": "CVE-2019-15782",
    "linesOfCode": {
      "files": 42,
      "blank": 1233,
      "comment": 602,
      "code": 4693
    }
  }
}