{
  "preprocessing": {
    "compileMs": 4230.490411996841,
    "dbCreateMs": 7269.370492003858
  },
  "analysisMs": 14878.49968200177,
  "meta": {
    "amountOfQueries": 12,
    "CVE": "CVE-2018-3746",
    "linesOfCode": {
      "files": 6,
      "blank": 24,
      "comment": 1,
      "code": 514
    }
  }
}