{
  "preprocessing": {
    "compileMs": 5343.838825002313,
    "dbCreateMs": 7416.863829001784
  },
  "analysisMs": 16773.788036994636,
  "meta": {
    "amountOfQueries": 15,
    "CVE": "CVE-2017-18077",
    "linesOfCode": {
      "files": 13,
      "blank": 58,
      "comment": 20,
      "code": 351
    }
  }
}