{
  "preprocessing": {
    "compileMs": 4478.444503001869,
    "dbCreateMs": 7474.537271998823
  },
  "analysisMs": 15250.32975500077,
  "meta": {
    "amountOfQueries": 9,
    "CVE": "CVE-2019-10759",
    "linesOfCode": {
      "files": 7,
      "blank": 70,
      "comment": 146,
      "code": 730
    }
  }
}