{
  "preprocessing": {
    "compileMs": 5446.883390001953,
    "dbCreateMs": 16169.576878003776
  },
  "analysisMs": 17935.632853999734,
  "meta": {
    "amountOfQueries": 15,
    "CVE": "CVE-2018-20164",
    "linesOfCode": {
      "files": 3,
      "blank": 9,
      "comment": 2,
      "code": 116
    }
  }
}