{
  "preprocessing": {
    "compileMs": 2110.316371001303,
    "dbCreateMs": 7589.886950001121
  },
  "analysisMs": 12279.950395993888,
  "meta": {
    "amountOfQueries": 2,
    "CVE": "CVE-2018-20835",
    "linesOfCode": {
      "files": 3,
      "blank": 144,
      "comment": 1,
      "code": 587
    }
  }
}