{
  "preprocessing": {
    "compileMs": 9464.271796993911,
    "dbCreateMs": 13501.87006700039
  },
  "analysisMs": 26552.657071992755,
  "meta": {
    "amountOfQueries": 38,
    "CVE": "CVE-2019-18350",
    "linesOfCode": {
      "files": 101,
      "blank": 626,
      "comment": 446,
      "code": 8654
    }
  }
}