{
  "preprocessing": {
    "compileMs": 8560.638374999166,
    "dbCreateMs": 12742.00973200053
  },
  "analysisMs": 30143.035815998912,
  "meta": {
    "amountOfQueries": 36,
    "CVE": "CVE-2018-14041",
    "linesOfCode": {
      "files": 76,
      "blank": 4373,
      "comment": 2723,
      "code": 32549
    }
  }
}