{
  "preprocessing": {
    "compileMs": 2120.2358140051365,
    "dbCreateMs": 7602.043090999126
  },
  "analysisMs": 11832.048109002411,
  "meta": {
    "amountOfQueries": 2,
    "CVE": "CVE-2018-3732",
    "linesOfCode": {
      "files": 3,
      "blank": 43,
      "comment": 32,
      "code": 226
    }
  }
}