{
  "preprocessing": {
    "compileMs": 2698.565620000474,
    "dbCreateMs": 7681.793149000034
  },
  "analysisMs": 13356.197939000092,
  "meta": {
    "amountOfQueries": 7,
    "CVE": "CVE-2017-16107",
    "linesOfCode": {
      "files": 5,
      "blank": 1,
      "comment": 4,
      "code": 526
    }
  }
}