{
  "preprocessing": {
    "compileMs": 5618.486050999723,
    "dbCreateMs": 7411.701456000097
  },
  "analysisMs": 17379.332492000423,
  "meta": {
    "amountOfQueries": 15,
    "CVE": "CVE-2017-16098",
    "linesOfCode": {
      "files": 4,
      "blank": 19,
      "comment": 23,
      "code": 166
    }
  }
}