{
  "preprocessing": {
    "compileMs": 2123.5017360001802,
    "dbCreateMs": 8653.470298998058
  },
  "analysisMs": 13009.852372996509,
  "meta": {
    "amountOfQueries": 2,
    "CVE": "CVE-2018-1002204",
    "linesOfCode": {
      "files": 18,
      "blank": 500,
      "comment": 662,
      "code": 2895
    }
  }
}