{
  "preprocessing": {
    "compileMs": 8175.039051994681,
    "dbCreateMs": 7793.715087004006
  },
  "analysisMs": 20733.039750002325,
  "meta": {
    "amountOfQueries": 30,
    "CVE": "CVE-2018-16492",
    "linesOfCode": {
      "files": 5,
      "blank": 149,
      "comment": 17,
      "code": 840
    }
  }
}