{
  "preprocessing": {
    "compileMs": 4841.90181499999,
    "dbCreateMs": 7565.859172999859
  },
  "analysisMs": 15895.917737999931,
  "meta": {
    "amountOfQueries": 12,
    "CVE": "CVE-2017-16034",
    "linesOfCode": {
      "files": 8,
      "blank": 103,
      "comment": 35,
      "code": 420
    }
  }
}