{
  "preprocessing": {
    "compileMs": 1783.5729120001197,
    "dbCreateMs": 27397.743096999824
  },
  "analysisMs": 31016.142357997596,
  "meta": {
    "amountOfQueries": 1,
    "CVE": "CVE-2019-18818",
    "linesOfCode": {
      "files": 1294,
      "blank": 12700,
      "comment": 6321,
      "code": 113599
    }
  }
}