{
  "preprocessing": {
    "compileMs": 4447.645263999701,
    "dbCreateMs": 7495.590590000153
  },
  "analysisMs": 15427.821825000457,
  "meta": {
    "amountOfQueries": 12,
    "CVE": "CVE-2017-16042",
    "linesOfCode": {
      "files": 3,
      "blank": 21,
      "comment": 48,
      "code": 266
    }
  }
}