{
  "preprocessing": {
    "compileMs": 2022.6910720001906,
    "dbCreateMs": 7538.810615999624
  },
  "analysisMs": 12095.070529999677,
  "meta": {
    "amountOfQueries": 2,
    "CVE": "CVE-2017-16003",
    "linesOfCode": {
      "files": 20,
      "blank": 133,
      "comment": 91,
      "code": 623
    }
  }
}