{
  "preprocessing": {
    "compileMs": 8696.463570006192,
    "dbCreateMs": 25339.27058199793
  },
  "analysisMs": 40636.27656099945,
  "meta": {
    "amountOfQueries": 36,
    "CVE": "CVE-2018-20676",
    "linesOfCode": {
      "files": 60,
      "blank": 4717,
      "comment": 2899,
      "code": 32267
    }
  }
}