{
  "preprocessing": {
    "compileMs": 5478.126118004322,
    "dbCreateMs": 7326.518959000707
  },
  "analysisMs": 16908.024114996195,
  "meta": {
    "amountOfQueries": 15,
    "CVE": "CVE-2017-16117",
    "linesOfCode": {
      "files": 5,
      "blank": 14,
      "comment": 18,
      "code": 239
    }
  }
}