{
  "preprocessing": {
    "compileMs": 8235.299759998918,
    "dbCreateMs": 7376.369378998876
  },
  "analysisMs": 21170.71555799991,
  "meta": {
    "amountOfQueries": 30,
    "CVE": "CVE-2019-10746",
    "linesOfCode": {
      "files": 5,
      "blank": 36,
      "comment": 10,
      "code": 358
    }
  }
}