{
  "preprocessing": {
    "compileMs": 5739.278786994517,
    "dbCreateMs": 8976.450134001672
  },
  "analysisMs": 19576.20870900154,
  "meta": {
    "amountOfQueries": 15,
    "CVE": "CVE-2019-17592",
    "linesOfCode": {
      "files": 30,
      "blank": 392,
      "comment": 256,
      "code": 2600
    }
  }
}