{
  "preprocessing": {
    "compileMs": 2546.62037999928,
    "dbCreateMs": 7987.848682999611
  },
  "analysisMs": 13511.919805005193,
  "meta": {
    "amountOfQueries": 3,
    "CVE": "CVE-2017-18354",
    "linesOfCode": {
      "files": 13,
      "blank": 164,
      "comment": 253,
      "code": 6497
    }
  }
}