{
  "preprocessing": {
    "compileMs": 8765.724103994668,
    "dbCreateMs": 18978.160032004118
  },
  "analysisMs": 38549.81381100416,
  "meta": {
    "amountOfQueries": 36,
    "CVE": "CVE-2020-15092",
    "linesOfCode": {
      "files": 262,
      "blank": 5375,
      "comment": 6761,
      "code": 54950
    }
  }
}