{
  "preprocessing": {
    "compileMs": 8984.382896997035,
    "dbCreateMs": 11398.341547004879
  },
  "analysisMs": 28226.51433799416,
  "meta": {
    "amountOfQueries": 36,
    "CVE": "CVE-2017-18635",
    "linesOfCode": {
      "files": 37,
      "blank": 2187,
      "comment": 1735,
      "code": 12969
    }
  }
}