{
  "preprocessing": {
    "compileMs": 4153.1958849951625,
    "dbCreateMs": 7418.199528001249
  },
  "analysisMs": 14793.946094997227,
  "meta": {
    "amountOfQueries": 12,
    "CVE": "CVE-2018-16462",
    "linesOfCode": {
      "files": 6,
      "blank": 54,
      "comment": 19,
      "code": 325
    }
  }
}