{
  "preprocessing": {
    "compileMs": 1703.3137570023537,
    "dbCreateMs": 7654.298824995756
  },
  "analysisMs": 11710.376029007137,
  "meta": {
    "amountOfQueries": 1,
    "CVE": "CVE-2020-7660",
    "linesOfCode": {
      "files": 5,
      "blank": 138,
      "comment": 42,
      "code": 2684
    }
  }
}