{
  "preprocessing": {
    "compileMs": 2227.588399000466,
    "dbCreateMs": 7943.325839996338
  },
  "analysisMs": 13127.282058998942,
  "meta": {
    "amountOfQueries": 2,
    "CVE": "CVE-2019-13173",
    "linesOfCode": {
      "files": 20,
      "blank": 369,
      "comment": 245,
      "code": 1702
    }
  }
}