{
  "preprocessing": {
    "compileMs": 5034.841094002128,
    "dbCreateMs": 26533.71086600423
  },
  "analysisMs": 35102.63476999849,
  "meta": {
    "amountOfQueries": 12,
    "CVE": "CVE-2020-9038",
    "linesOfCode": {
      "files": 394,
      "blank": 9710,
      "comment": 3644,
      "code": 91409
    }
  }
}