{
  "preprocessing": {
    "compileMs": 8839.698435001075,
    "dbCreateMs": 118900.63532300293
  },
  "analysisMs": 117701.15520399809,
  "meta": {
    "amountOfQueries": 36,
    "CVE": "CVE-2019-13127",
    "linesOfCode": {
      "files": 173,
      "blank": 28481,
      "comment": 77380,
      "code": 128791
    }
  }
}