{
  "preprocessing": {
    "compileMs": 4135.989208996296,
    "dbCreateMs": 8703.816264994442
  },
  "analysisMs": 15540.12878599763,
  "meta": {
    "amountOfQueries": 12,
    "CVE": "CVE-2019-10778",
    "linesOfCode": {
      "files": 7,
      "blank": 34,
      "comment": 40,
      "code": 322
    }
  }
}