{
  "preprocessing": {
    "compileMs": 9531.778913999908,
    "dbCreateMs": 13780.263092000037
  },
  "analysisMs": 31089.462879,
  "meta": {
    "amountOfQueries": 36,
    "CVE": "CVE-2016-10735",
    "linesOfCode": {
      "files": 62,
      "blank": 4176,
      "comment": 1949,
      "code": 23379
    }
  }
}