{
  "analysis": {
    "avgMs": 3293.6086560799927,
    "runsMs": [
      3335.4002189999446,
      3275.743510999717,
      3228.7398120006546,
      3271.8837150000036,
      3290.615017999895,
      3296.2237999998033,
      3294.4887680001557,
      3252.3743519997224,
      3266.783024000004,
      3236.8432099996135,
      3249.8070490006357,
      3252.0588839994743,
      3280.6703239995986,
      3249.7952100001276,
      3313.4496809998527,
      3299.4613039996475,
      3327.768432999961,
      3302.8803460001945,
      3325.6311670001596,
      3326.1968830004334,
      3298.661953999661,
      3330.3755149999633,
      3330.9148570001125,
      3334.39689600002,
      3369.0524700004607
    ],
    "coldMs": 4176.213000999764
  },
  "meta": {
    "CVE": "CVE-2016-10735",
    "ruleCount": 11,
    "linesOfCode": {
      "files": 62,
      "blank": 4176,
      "comment": 1949,
      "code": 23379
    }
  }
}