{
  "analysis": {
    "avgMs": 2508.5138351199776,
    "runsMs": [
      2501.9306060001254,
      2521.5151280006394,
      2524.668782999739,
      2608.143469000235,
      2502.8355600005016,
      2486.6424639998004,
      2500.2863990003243,
      2529.428797999397,
      2482.263814999722,
      2529.2876829998568,
      2521.6735290000215,
      2512.021191000007,
      2520.092639000155,
      2479.474705999717,
      2507.7148510003462,
      2501.6638540001586,
      2511.3481959998608,
      2480.4312649993226,
      2494.6313269995153,
      2514.5244500003755,
      2491.73900999967,
      2510.3962059998885,
      2480.3648000005633,
      2506.483664999716,
      2493.2834839997813
    ],
    "coldMs": 2817.5702220005915
  },
  "meta": {
    "CVE": "CVE-2016-10735",
    "ruleCount": 35,
    "linesOfCode": {
      "files": 62,
      "blank": 4176,
      "comment": 1949,
      "code": 23379
    }
  }
}