{
  "analysis": {
    "avgMs": 46656.65333203994,
    "runsMs": [
      47253.28029599972,
      46372.03638000041,
      46793.871663000435,
      47492.794038999826,
      49445.27211700007,
      45473.66546600126,
      47869.24218400009,
      46870.269915999845,
      46678.09720099904,
      48126.23768699914,
      48190.82585099898,
      49127.622562998906,
      51346.99566899985,
      47384.07680499926,
      46762.86991799995,
      47634.916042000055,
      47885.2396130003,
      45631.572592999786,
      46010.835873000324,
      43289.016541000456,
      43103.676656998694,
      44696.76879600063,
      44503.52100500092,
      43044.865693999454,
      45428.76273200102
    ],
    "coldMs": 47050.08233300038
  },
  "meta": {
    "CVE": "CVE-2016-10735",
    "linesOfCode": {
      "files": 62,
      "blank": 4176,
      "comment": 1949,
      "code": 23379
    }
  }
}