{
  "preprocessing": {
    "compileMs": 4290.602540999651,
    "dbCreateMs": 11026.676795996726
  },
  "analysisMs": 20063.192593999207,
  "meta": {
    "amountOfQueries": 12,
    "CVE": "CVE-2020-7752",
    "linesOfCode": {
      "files": 22,
      "blank": 769,
      "comment": 719,
      "code": 10059
    }
  }
}