{
  "preprocessing": {
    "compileMs": 9050.352549999952,
    "dbCreateMs": 26711.238504000008
  },
  "analysisMs": 43883.17037600279,
  "meta": {
    "amountOfQueries": 36,
    "CVE": "CVE-2019-15532",
    "linesOfCode": {
      "files": 472,
      "blank": 6610,
      "comment": 14224,
      "code": 59601
    }
  }
}