{
  "preprocessing": {
    "compileMs": 8356.254459001124,
    "dbCreateMs": 7409.444558002055
  },
  "analysisMs": 20207.907747998834,
  "meta": {
    "amountOfQueries": 30,
    "CVE": "CVE-2018-3722",
    "linesOfCode": {
      "files": 6,
      "blank": 47,
      "comment": 19,
      "code": 394
    }
  }
}