{
  "preprocessing": {
    "compileMs": 5708.673426000401,
    "dbCreateMs": 8464.686069999821
  },
  "analysisMs": 19018.15615999978,
  "meta": {
    "amountOfQueries": 15,
    "CVE": "CVE-2017-16114",
    "linesOfCode": {
      "files": 10,
      "blank": 315,
      "comment": 226,
      "code": 1476
    }
  }
}