{
  "preprocessing": {
    "compileMs": 7090.300018005073,
    "dbCreateMs": 9422.5970389992
  },
  "analysisMs": 21968.658615000546,
  "meta": {
    "amountOfQueries": 17,
    "CVE": "CVE-2019-12043",
    "linesOfCode": {
      "files": 83,
      "blank": 1209,
      "comment": 879,
      "code": 6998
    }
  }
}