{
  "preprocessing": {
    "compileMs": 2557.109797000885,
    "dbCreateMs": 9339.304522000253
  },
  "analysisMs": 13635.128271006048,
  "meta": {
    "amountOfQueries": 3,
    "CVE": "CVE-2020-11021",
    "linesOfCode": {
      "files": 14,
      "blank": 225,
      "comment": 87,
      "code": 6334
    }
  }
}