{
  "preprocessing": {
    "compileMs": 1768.5495259985328,
    "dbCreateMs": 11796.182612001896
  },
  "analysisMs": 16197.329135000706,
  "meta": {
    "amountOfQueries": 1,
    "CVE": "CVE-2018-3783",
    "linesOfCode": {
      "files": 294,
      "blank": 2034,
      "comment": 707,
      "code": 34860
    }
  }
}