{
  "preprocessing": {
    "compileMs": 1717.8701180070639,
    "dbCreateMs": 9403.967998996377
  },
  "analysisMs": 11654.001048997045,
  "meta": {
    "amountOfQueries": 1,
    "CVE": "CVE-2022-0002",
    "linesOfCode": {
      "files": 20,
      "blank": 18,
      "comment": 2,
      "code": 421
    }
  }
}