{
  "preprocessing": {
    "compileMs": 4089.6520029976964,
    "dbCreateMs": 7296.217141002417
  },
  "analysisMs": 14586.81079299748,
  "meta": {
    "amountOfQueries": 12,
    "CVE": "CVE-2018-3772",
    "linesOfCode": {
      "files": 3,
      "blank": 9,
      "comment": 0,
      "code": 104
    }
  }
}