{
  "preprocessing": {
    "compileMs": 2231.2503179982305,
    "dbCreateMs": 7202.9101030007005
  },
  "analysisMs": 12162.685652002692,
  "meta": {
    "amountOfQueries": 2,
    "CVE": "CVE-2018-3743",
    "linesOfCode": {
      "files": 3,
      "blank": 39,
      "comment": 35,
      "code": 633
    }
  }
}