{
  "preprocessing": {
    "compileMs": 7128.649856999982,
    "dbCreateMs": 14334.018127999734
  },
  "analysisMs": 30097.104534999933,
  "meta": {
    "amountOfQueries": 17,
    "CVE": "CVE-2017-16011",
    "linesOfCode": {
      "files": 59,
      "blank": 5860,
      "comment": 2999,
      "code": 23463
    }
  }
}