{
  "preprocessing": {
    "compileMs": 1739.536518998444,
    "dbCreateMs": 9238.895865000784
  },
  "analysisMs": 11658.484324999154,
  "meta": {
    "amountOfQueries": 1,
    "CVE": "CVE-2022-0001",
    "linesOfCode": {
      "files": 16,
      "blank": 14,
      "comment": 1,
      "code": 338
    }
  }
}