{
  "preprocessing": {
    "compileMs": 5391.217111006379,
    "dbCreateMs": 9449.555247999728
  },
  "analysisMs": 20370.69908799976,
  "meta": {
    "amountOfQueries": 15,
    "CVE": "CVE-2018-3737",
    "linesOfCode": {
      "files": 39,
      "blank": 1208,
      "comment": 342,
      "code": 7451
    }
  }
}