{
  "preprocessing": {
    "compileMs": 4466.30012999475,
    "dbCreateMs": 7636.442943997681
  },
  "analysisMs": 15529.783553995192,
  "meta": {
    "amountOfQueries": 12,
    "CVE": "CVE-2019-5414",
    "linesOfCode": {
      "files": 5,
      "blank": 12,
      "comment": 0,
      "code": 102
    }
  }
}