{
  "preprocessing": {
    "compileMs": 1812.364922001958,
    "dbCreateMs": 27253.54748799652
  },
  "analysisMs": 31090.510834001005,
  "meta": {
    "amountOfQueries": 1,
    "CVE": "CVE-2019-18818",
    "linesOfCode": {
      "files": 1294,
      "blank": 12700,
      "comment": 6321,
      "code": 113599
    }
  }
}