{
  "preprocessing": {
    "compileMs": 4218.3037939965725,
    "dbCreateMs": 7910.102899998426
  },
  "analysisMs": 15722.615071997046,
  "meta": {
    "amountOfQueries": 12,
    "CVE": "CVE-2018-16461",
    "linesOfCode": {
      "files": 21,
      "blank": 257,
      "comment": 328,
      "code": 645
    }
  }
}