{
  "preprocessing": {
    "compileMs": 4240.840385000221,
    "dbCreateMs": 9717.73226299975
  },
  "analysisMs": 16327.469181000255,
  "meta": {
    "amountOfQueries": 12,
    "CVE": "CVE-2017-16087",
    "linesOfCode": {
      "files": 10,
      "blank": 36,
      "comment": 43,
      "code": 3110
    }
  }
}