{
  "preprocessing": {
    "compileMs": 2454.9079749956727,
    "dbCreateMs": 7682.863802999258
  },
  "analysisMs": 13057.224048003554,
  "meta": {
    "amountOfQueries": 7,
    "CVE": "CVE-2018-3718",
    "linesOfCode": {
      "files": 11,
      "blank": 134,
      "comment": 69,
      "code": 614
    }
  }
}