{
  "preprocessing": {
    "compileMs": 2566.5879720002413,
    "dbCreateMs": 7638.513360001147
  },
  "analysisMs": 12662.633354000747,
  "meta": {
    "amountOfQueries": 7,
    "CVE": "CVE-2020-7763",
    "linesOfCode": {
      "files": 13,
      "blank": 163,
      "comment": 22,
      "code": 2166
    }
  }
}