{
  "preprocessing": {
    "compileMs": 5321.65086299926,
    "dbCreateMs": 7721.642533995211
  },
  "analysisMs": 17401.81277000159,
  "meta": {
    "amountOfQueries": 15,
    "CVE": "CVE-2018-7651",
    "linesOfCode": {
      "files": 9,
      "blank": 74,
      "comment": 25,
      "code": 6469
    }
  }
}