{
  "preprocessing": {
    "compileMs": 8211.681422002614,
    "dbCreateMs": 7302.612840004265
  },
  "analysisMs": 19460.454844005406,
  "meta": {
    "amountOfQueries": 30,
    "CVE": "CVE-2018-3719",
    "linesOfCode": {
      "files": 5,
      "blank": 37,
      "comment": 22,
      "code": 351
    }
  }
}