{
  "preprocessing": {
    "compileMs": 2096.129184998572,
    "dbCreateMs": 7256.05701700598
  },
  "analysisMs": 12438.803008005023,
  "meta": {
    "amountOfQueries": 2,
    "CVE": "CVE-2018-3743",
    "linesOfCode": {
      "files": 3,
      "blank": 40,
      "comment": 35,
      "code": 639
    }
  }
}