{
  "preprocessing": {
    "compileMs": 2689.9565019980073,
    "dbCreateMs": 7701.994929999113
  },
  "analysisMs": 13632.025669001043,
  "meta": {
    "amountOfQueries": 7,
    "CVE": "CVE-2019-5444",
    "linesOfCode": {
      "files": 7,
      "blank": 41,
      "comment": 0,
      "code": 241
    }
  }
}