{
  "preprocessing": {
    "compileMs": 8333.170320995152,
    "dbCreateMs": 30322.882658995688
  },
  "analysisMs": 47972.307757005095,
  "meta": {
    "amountOfQueries": 30,
    "CVE": "CVE-2018-16487",
    "linesOfCode": {
      "files": 54,
      "blank": 17045,
      "comment": 20511,
      "code": 64605
    }
  }
}