{
  "preprocessing": {
    "compileMs": 4103.216058000922,
    "dbCreateMs": 7701.54989400506
  },
  "analysisMs": 15539.496873997152,
  "meta": {
    "amountOfQueries": 12,
    "CVE": "CVE-2019-10776",
    "linesOfCode": {
      "files": 28,
      "blank": 311,
      "comment": 51,
      "code": 4386
    }
  }
}