{
  "preprocessing": {
    "compileMs": 5409.865119993687,
    "dbCreateMs": 7406.843224003911
  },
  "analysisMs": 16595.437968999147,
  "meta": {
    "amountOfQueries": 15,
    "CVE": "CVE-2017-16136",
    "linesOfCode": {
      "files": 3,
      "blank": 55,
      "comment": 53,
      "code": 274
    }
  }
}