{
  "preprocessing": {
    "compileMs": 8297.327135004103,
    "dbCreateMs": 9845.211421996355
  },
  "analysisMs": 22795.44121400267,
  "meta": {
    "amountOfQueries": 30,
    "CVE": "CVE-2018-16489",
    "linesOfCode": {
      "files": 190,
      "blank": 665,
      "comment": 814,
      "code": 9035
    }
  }
}