{
  "preprocessing": {
    "compileMs": 5436.589823998511,
    "dbCreateMs": 7396.5687939971685
  },
  "analysisMs": 16836.995159998536,
  "meta": {
    "amountOfQueries": 15,
    "CVE": "CVE-2017-16137",
    "linesOfCode": {
      "files": 14,
      "blank": 163,
      "comment": 234,
      "code": 506
    }
  }
}