{
  "preprocessing": {
    "compileMs": 8990.791319999844,
    "dbCreateMs": 14871.497534000315
  },
  "analysisMs": 35832.64846399985,
  "meta": {
    "amountOfQueries": 36,
    "CVE": "CVE-2017-16043",
    "linesOfCode": {
      "files": 82,
      "blank": 4775,
      "comment": 5181,
      "code": 22539
    }
  }
}