{
  "preprocessing": {
    "compileMs": 9667.74101600051,
    "dbCreateMs": 9384.764653004706
  },
  "analysisMs": 22890.346086002886,
  "meta": {
    "amountOfQueries": 45,
    "CVE": "CVE-2019-13506",
    "linesOfCode": {
      "files": 6,
      "blank": 73,
      "comment": 5,
      "code": 383
    }
  }
}