{
  "preprocessing": {
    "compileMs": 11084.505962997675,
    "dbCreateMs": 347290.30742900074
  },
  "analysisMs": 229748.8863569945,
  "meta": {
    "amountOfQueries": 48,
    "CVE": "CVE-2017-1000006",
    "linesOfCode": {
      "files": 1142,
      "blank": 35284,
      "comment": 46892,
      "code": 470862
    }
  }
}