{
  "preprocessing": {
    "compileMs": 3316.5887489998713,
    "dbCreateMs": 8295.424928000197
  },
  "analysisMs": 14422.434756999835,
  "meta": {
    "amountOfQueries": 5,
    "CVE": "CVE-2017-16014",
    "linesOfCode": {
      "files": 31,
      "blank": 547,
      "comment": 1261,
      "code": 2069
    }
  }
}