{
  "preprocessing": {
    "compileMs": 8772.731058999896,
    "dbCreateMs": 8457.743114002049
  },
  "analysisMs": 23875.317220002413,
  "meta": {
    "amountOfQueries": 36,
    "CVE": "CVE-2020-7750",
    "linesOfCode": {
      "files": 15,
      "blank": 210,
      "comment": 439,
      "code": 1959
    }
  }
}