{
  "preprocessing": {
    "compileMs": 8517.238940000534,
    "dbCreateMs": 25497.38354999572
  },
  "analysisMs": 40689.419843003154,
  "meta": {
    "amountOfQueries": 36,
    "CVE": "CVE-2018-20677",
    "linesOfCode": {
      "files": 60,
      "blank": 4726,
      "comment": 2899,
      "code": 32303
    }
  }
}