{
  "preprocessing": {
    "compileMs": 8696.281729996204,
    "dbCreateMs": 4452.670158997178
  },
  "analysisMs": 1489.579319998622,
  "meta": {
    "amountOfQueries": 36,
    "CVE": "CVE-2018-3747",
    "linesOfCode": {
      "files": 1,
      "blank": 0,
      "comment": 0,
      "code": 20
    }
  }
}