{
  "preprocessing": {
    "compileMs": 1618.8374660015106,
    "dbCreateMs": 8478.714041002095
  },
  "analysisMs": 11699.080940000713,
  "meta": {
    "amountOfQueries": 1,
    "CVE": "CVE-2020-15135",
    "linesOfCode": {
      "files": 21,
      "blank": 200,
      "comment": 115,
      "code": 3178
    }
  }
}