{
  "preprocessing": {
    "compileMs": 8240.485367000103,
    "dbCreateMs": 7386.647439993918
  },
  "analysisMs": 20764.706692002714,
  "meta": {
    "amountOfQueries": 30,
    "CVE": "CVE-2018-3752",
    "linesOfCode": {
      "files": 12,
      "blank": 70,
      "comment": 20,
      "code": 10835
    }
  }
}