{
  "preprocessing": {
    "compileMs": 1848.3447869997472,
    "dbCreateMs": 11672.71257600002
  },
  "analysisMs": 17673.19888599962,
  "meta": {
    "amountOfQueries": 1,
    "CVE": "CVE-2017-16031",
    "linesOfCode": {
      "files": 63,
      "blank": 2887,
      "comment": 2223,
      "code": 11974
    }
  }
}