{
  "preprocessing": {
    "compileMs": 4344.285980000161,
    "dbCreateMs": 7482.816105000675
  },
  "analysisMs": 15626.235511999577,
  "meta": {
    "amountOfQueries": 12,
    "CVE": "CVE-2017-16100",
    "linesOfCode": {
      "files": 5,
      "blank": 13,
      "comment": 5,
      "code": 96
    }
  }
}