{
  "preprocessing": {
    "compileMs": 5421.952234998345,
    "dbCreateMs": 7304.63464999944
  },
  "analysisMs": 16271.73327499628,
  "meta": {
    "amountOfQueries": 15,
    "CVE": "CVE-2017-16118",
    "linesOfCode": {
      "files": 4,
      "blank": 32,
      "comment": 32,
      "code": 162
    }
  }
}