{
  "preprocessing": {
    "compileMs": 9450.72524199984,
    "dbCreateMs": 12922.732888000086
  },
  "analysisMs": 31752.844630999956,
  "meta": {
    "amountOfQueries": 36,
    "CVE": "CVE-2016-10735",
    "linesOfCode": {
      "files": 62,
      "blank": 4176,
      "comment": 1949,
      "code": 23379
    }
  }
}