{
  "analysis": {
    "avgMs": 2500.721964639798,
    "runsMs": [
      2505.703365999274,
      2482.910652999766,
      2491.1321789994836,
      2481.7825009999797,
      2502.557268000208,
      2495.1072070002556,
      2527.1281900005415,
      2482.525465000421,
      2496.073358000256,
      2501.9844129998237,
      2465.099473999813,
      2493.528257999569,
      2505.4476870000362,
      2522.431439999491,
      2472.214339999482,
      2482.9279559999704,
      2528.174724999815,
      2494.0045500006527,
      2513.650918999687,
      2483.4372459985316,
      2514.947720998898,
      2498.127771999687,
      2511.5341669991612,
      2579.09288799949,
      2486.5253730006516
    ],
    "coldMs": 2788.2555979993194
  },
  "meta": {
    "CVE": "CVE-2016-10735",
    "ruleCount": 35,
    "linesOfCode": {
      "files": 62,
      "blank": 4176,
      "comment": 1949,
      "code": 23379
    }
  }
}