{
  "analysis": {
    "avgMs": 3274.8673913999646,
    "runsMs": [
      3298.835564999841,
      3347.1786080002785,
      3228.841497999616,
      3336.4383500004187,
      3295.7482419991866,
      3272.3056179992855,
      3295.169385000132,
      3230.1632319996133,
      3325.562892000191,
      3288.60426799953,
      3277.0131560005248,
      3254.8597050001845,
      3287.823808000423,
      3256.6460400000215,
      3237.3624320002273,
      3267.745465999469,
      3277.143236000091,
      3253.189729999751,
      3258.5905570006,
      3240.979519999586,
      3261.4059149995446,
      3299.14960099943,
      3253.314241000451,
      3258.932707000524,
      3268.6810130001977
    ],
    "coldMs": 4028.4137769993395
  },
  "meta": {
    "CVE": "CVE-2016-10735",
    "ruleCount": 11,
    "linesOfCode": {
      "files": 62,
      "blank": 4176,
      "comment": 1949,
      "code": 23379
    }
  }
}