{
  "analysis": {
    "avgMs": 47384.51424764,
    "runsMs": [
      47882.25693400018,
      48846.766344999894,
      50295.83854199946,
      43802.86400000006,
      43467.90276299976,
      45502.05622299947,
      45593.335012000054,
      44087.154741000384,
      43524.21662400104,
      44989.27729699947,
      44288.92916800082,
      43536.846395000815,
      43544.95529800095,
      47090.6193690002,
      50855.60736299865,
      48396.28699099831,
      47772.51472800039,
      51693.92990299873,
      48706.937837999314,
      48117.741368999705,
      48278.466682000086,
      50805.71527700126,
      50049.825078999624,
      51016.38297400065,
      52466.42927600071
    ],
    "coldMs": 44234.31068300083
  },
  "meta": {
    "CVE": "CVE-2016-10735",
    "linesOfCode": {
      "files": 62,
      "blank": 4176,
      "comment": 1949,
      "code": 23379
    }
  }
}