{
  "preprocessing": {
    "compileMs": 2072.4208420068026,
    "dbCreateMs": 8141.346843995154
  },
  "analysisMs": 12106.355313003063,
  "meta": {
    "amountOfQueries": 2,
    "CVE": "CVE-2018-3736",
    "linesOfCode": {
      "files": 3,
      "blank": 84,
      "comment": 60,
      "code": 424
    }
  }
}