{
  "preprocessing": {
    "compileMs": 4092.1146150007844,
    "dbCreateMs": 7331.9687689989805
  },
  "analysisMs": 14733.260718002915,
  "meta": {
    "amountOfQueries": 12,
    "CVE": "CVE-2018-3772",
    "linesOfCode": {
      "files": 3,
      "blank": 9,
      "comment": 0,
      "code": 104
    }
  }
}