{
  "preprocessing": {
    "compileMs": 2501.238277003169,
    "dbCreateMs": 23451.207760997117
  },
  "analysisMs": 29147.749232001603,
  "meta": {
    "amountOfQueries": 7,
    "CVE": "CVE-2019-10767",
    "linesOfCode": {
      "files": 117,
      "blank": 4045,
      "comment": 6063,
      "code": 36237
    }
  }
}