{
  "preprocessing": {
    "compileMs": 2095.5302880108356,
    "dbCreateMs": 12141.858148008585
  },
  "analysisMs": 12983.006475999951,
  "meta": {
    "amountOfQueries": 2,
    "CVE": "CVE-2022-0007",
    "linesOfCode": {
      "files": 38,
      "blank": 64,
      "comment": 41,
      "code": 984
    }
  }
}