{
  "preprocessing": {
    "compileMs": 9140.103330001235,
    "dbCreateMs": 19056.736682996154
  },
  "analysisMs": 37456.692368000746,
  "meta": {
    "amountOfQueries": 36,
    "CVE": "CVE-2020-15092",
    "linesOfCode": {
      "files": 261,
      "blank": 5359,
      "comment": 6763,
      "code": 54541
    }
  }
}